Subject,cluster,window_count,tDCS_FoG_window_rate,Age,Sex,YearsSinceDx,UPDRSIII_On,UPDRSIII_Off,NFOGQ
02bc69,1,270,0.0,69.0,M,4.0,21.0,,22.0
07285e,2,683,0.0,58.0,M,1.0,18.0,26.0,10.0
082f01,2,155,0.0,64.0,M,17.0,45.0,57.0,24.0
19ea47,1,166,0.0,68.0,M,4.0,72.0,,21.0
220a17,2,654,0.1437308868501529,63.0,M,14.0,32.0,38.0,18.0
231c3b,1,648,0.23148148148148148,67.0,M,12.0,27.0,28.0,19.0
242a3e,1,757,0.1096433289299868,67.0,M,19.0,48.0,51.0,18.0
24a59d,1,367,0.5122615803814714,77.0,M,1.0,37.0,39.0,21.0
251738,2,661,0.03177004538577912,70.0,M,10.0,36.0,43.0,0.0
2a39f8,2,289,0.21453287197231835,67.0,M,6.0,16.0,61.0,21.0
2c98f7,2,443,0.5033860045146726,73.0,M,1.0,30.0,32.0,20.0
301ada,2,148,0.0,70.0,M,14.0,15.0,,17.0
312788,1,264,0.03787878787878788,79.0,F,6.0,44.0,,22.0
31d269,2,794,0.17380352644836272,72.0,M,22.0,39.0,65.0,13.0
364459,1,667,0.0,76.0,M,7.0,38.0,42.0,13.0
3b2403,1,986,0.0,51.0,F,3.0,29.0,37.0,21.0
3b2b7a,2,499,0.036072144288577156,52.0,M,4.0,16.0,27.0,16.0
48fd62,2,264,0.49242424242424243,81.0,M,1.0,42.0,30.0,16.0
4b39ac,1,920,0.04782608695652174,67.0,M,10.0,45.0,72.0,13.0
4ba1d3,1,493,0.30628803245436104,71.0,M,23.0,42.0,,18.0
4bb5d0,1,277,0.21660649819494585,80.0,M,16.0,38.0,,21.0
4ca9b3,2,557,0.39138240574506283,74.0,M,7.0,20.0,32.0,23.0
4dc2f8,1,431,0.048723897911832945,68.0,F,9.0,17.0,15.0,15.0
4f13b4,1,538,0.36059479553903345,68.0,F,12.0,22.0,39.0,22.0
51574c,2,34,0.0,64.0,M,6.0,21.0,33.0,20.0
516a67,1,269,0.14869888475836432,68.0,M,11.0,24.0,28.0,12.0
54ee6e,1,410,0.25365853658536586,70.0,F,10.0,27.0,50.0,20.0
59f492,1,143,0.0,54.0,F,4.0,15.0,,6.0
5c0b8a,2,118,0.4067796610169492,76.0,M,17.0,79.0,,24.0
66341b,1,944,0.1451271186440678,78.0,M,10.0,46.0,47.0,19.0
69cc45,1,399,0.0,68.0,M,14.0,47.0,91.0,21.0
6a3e93,2,126,0.0,69.0,M,6.0,27.0,30.0,20.0
743f4e,1,192,0.08333333333333333,73.0,F,7.0,20.0,,12.0
7688c1,2,261,0.0,71.0,M,13.0,23.0,30.0,16.0
79011a,1,322,0.8509316770186336,73.0,M,7.0,37.0,46.0,20.0
7eb666,1,430,0.0,73.0,M,17.0,46.0,45.0,21.0
7fcee9,1,662,0.03625377643504532,65.0,M,22.0,44.0,36.0,10.0
87174c,1,339,0.0,65.0,M,4.0,35.0,41.0,19.0
8db7dd,2,602,0.26411960132890366,66.0,M,9.0,38.0,45.0,13.0
93f49f,1,272,0.19117647058823528,73.0,M,7.0,49.0,49.0,14.0
9f85da,1,115,0.25217391304347825,71.0,M,17.0,42.0,,21.0
a03db7,2,563,0.41740674955595025,56.0,M,11.0,27.0,55.0,19.0
a80ae4,1,400,0.2425,67.0,M,5.0,30.0,,24.0
af82b2,1,397,0.24685138539042822,76.0,M,5.0,41.0,,20.0
b19f77,1,332,0.5060240963855421,82.0,F,15.0,54.0,68.0,21.0
bc3908,1,738,0.04607046070460705,81.0,F,10.0,67.0,69.0,21.0
c7fee4,2,58,0.3448275862068966,80.0,M,12.0,52.0,,12.0
c85fdf,2,78,0.0,65.0,M,10.0,30.0,33.0,22.0
c8e721,2,688,0.1002906976744186,58.0,F,5.0,21.0,27.0,20.0
c95ab0,1,349,0.0,77.0,M,4.0,41.0,44.0,20.0
d8836b,2,467,0.0,75.0,M,9.0,43.0,46.0,20.0
d9312a,1,1163,0.4032674118658641,61.0,M,21.0,38.0,39.0,19.0
e39bc5,1,127,0.0,63.0,M,14.0,56.0,,26.0
e8919c,1,193,0.07253886010362694,94.0,M,8.0,42.0,,25.0
e9fc55,2,196,0.0,64.0,M,6.0,36.0,,17.0
eeaff0,2,516,0.0,75.0,M,10.0,36.0,,19.0
f2c8aa,1,659,0.0,65.0,M,10.0,43.0,49.0,15.0
f62eec,1,571,0.26970227670753066,71.0,M,10.0,42.0,,24.0
f686f0,2,282,0.13829787234042554,61.0,M,7.0,44.0,,24.0
fa8764,2,343,0.0,60.0,F,7.0,30.0,,19.0
