Subject,cluster_1_share,cluster_2_share,cluster_3_share,cluster_4_share,dominant_cluster,FoG_burden,windows,FoG_burden_pct,Age,YearsSinceDx,UPDRSIII_On,UPDRSIII_Off,NFOGQ
02bc69,0.1925925925925926,0.044444444444444446,0.3148148148148148,0.44814814814814813,4,0.0,270,0.0,69.0,4.0,21.0,,22.0
07285e,0.08052708638360176,0.2913616398243045,0.513909224011713,0.11420204978038068,3,0.0,683,0.0,58.0,1.0,18.0,26.0,10.0
082f01,0.01935483870967742,0.2064516129032258,0.6258064516129033,0.14838709677419354,3,0.0,155,0.0,64.0,17.0,45.0,57.0,24.0
19ea47,0.1746987951807229,0.0,0.16265060240963855,0.6626506024096386,4,0.0,166,0.0,68.0,4.0,72.0,,21.0
220a17,0.1452599388379205,0.10856269113149847,0.5305810397553516,0.21559633027522937,3,0.1437308868501529,654,14.37308868501529,63.0,14.0,32.0,38.0,18.0
231c3b,0.1558641975308642,0.12037037037037036,0.5493827160493827,0.1743827160493827,3,0.23148148148148148,648,23.14814814814815,67.0,12.0,27.0,28.0,19.0
242a3e,0.08850726552179657,0.06605019815059446,0.4385733157199472,0.40686922060766184,3,0.1096433289299868,757,10.96433289299868,67.0,19.0,48.0,51.0,18.0
24a59d,0.05994550408719346,0.027247956403269755,0.670299727520436,0.24250681198910082,3,0.5122615803814714,367,51.22615803814714,77.0,1.0,37.0,39.0,21.0
251738,0.08169440242057488,0.47049924357034795,0.3615733736762481,0.08623298033282904,2,0.03177004538577912,661,3.177004538577912,70.0,10.0,36.0,43.0,0.0
2a39f8,0.1314878892733564,0.2629757785467128,0.4602076124567474,0.1453287197231834,3,0.21453287197231835,289,21.453287197231834,67.0,6.0,16.0,61.0,21.0
2c98f7,0.04740406320541761,0.45598194130925507,0.4288939051918736,0.06772009029345373,2,0.5033860045146726,443,50.338600451467265,73.0,1.0,30.0,32.0,20.0
301ada,0.033783783783783786,0.6216216216216216,0.2702702702702703,0.07432432432432433,2,0.0,148,0.0,70.0,14.0,15.0,,17.0
312788,0.1553030303030303,0.007575757575757576,0.20075757575757575,0.6363636363636364,4,0.03787878787878788,264,3.787878787878788,79.0,6.0,44.0,,22.0
31d269,0.07178841309823678,0.2304785894206549,0.5314861460957179,0.16624685138539042,3,0.17380352644836272,794,17.38035264483627,72.0,22.0,39.0,65.0,13.0
364459,0.10644677661169415,0.046476761619190406,0.5952023988005997,0.2518740629685157,3,0.0,667,0.0,76.0,7.0,38.0,42.0,13.0
3b2403,0.056795131845841784,0.03144016227180527,0.29817444219066935,0.6135902636916836,4,0.0,986,0.0,51.0,3.0,29.0,37.0,21.0
3b2b7a,0.0781563126252505,0.3066132264529058,0.40681362725450904,0.20841683366733466,3,0.036072144288577156,499,3.6072144288577155,52.0,4.0,16.0,27.0,16.0
48fd62,0.041666666666666664,0.1590909090909091,0.6022727272727273,0.19696969696969696,3,0.49242424242424243,264,49.24242424242424,81.0,1.0,42.0,30.0,16.0
4b39ac,0.1782608695652174,0.04565217391304348,0.41847826086956524,0.3576086956521739,3,0.04782608695652174,920,4.782608695652174,67.0,10.0,45.0,72.0,13.0
4ba1d3,0.032454361054766734,0.1440162271805274,0.3772819472616633,0.4462474645030426,4,0.30628803245436104,493,30.628803245436103,71.0,23.0,42.0,,18.0
4bb5d0,0.09386281588447654,0.0,0.3140794223826715,0.592057761732852,4,0.21660649819494585,277,21.660649819494584,80.0,16.0,38.0,,21.0
4ca9b3,0.07719928186714542,0.16696588868940754,0.5080789946140036,0.24775583482944344,3,0.39138240574506283,557,39.138240574506284,74.0,7.0,20.0,32.0,23.0
4dc2f8,0.16705336426914152,0.08584686774941995,0.4988399071925754,0.2482598607888631,3,0.048723897911832945,431,4.872389791183294,68.0,9.0,17.0,15.0,15.0
4f13b4,0.04460966542750929,0.03345724907063197,0.4200743494423792,0.5018587360594795,4,0.36059479553903345,538,36.059479553903344,68.0,12.0,22.0,39.0,22.0
51574c,0.11764705882352941,0.2647058823529412,0.5294117647058824,0.08823529411764706,3,0.0,34,0.0,64.0,6.0,21.0,33.0,20.0
516a67,0.022304832713754646,0.055762081784386616,0.5427509293680297,0.379182156133829,3,0.14869888475836432,269,14.869888475836431,68.0,11.0,24.0,28.0,12.0
54ee6e,0.03170731707317073,0.007317073170731708,0.43658536585365854,0.524390243902439,4,0.25365853658536586,410,25.365853658536587,70.0,10.0,27.0,50.0,20.0
59f492,0.13286713286713286,0.02097902097902098,0.09090909090909091,0.7552447552447552,4,0.0,143,0.0,54.0,4.0,15.0,,6.0
5c0b8a,0.025423728813559324,0.3559322033898305,0.4745762711864407,0.1440677966101695,3,0.4067796610169492,118,40.67796610169492,76.0,17.0,79.0,,24.0
66341b,0.06991525423728813,0.005296610169491525,0.3633474576271186,0.5614406779661016,4,0.1451271186440678,944,14.51271186440678,78.0,10.0,46.0,47.0,19.0
69cc45,0.22305764411027568,0.007518796992481203,0.39598997493734334,0.37343358395989973,3,0.0,399,0.0,68.0,14.0,47.0,91.0,21.0
6a3e93,0.06349206349206349,0.5079365079365079,0.35714285714285715,0.07142857142857142,2,0.0,126,0.0,69.0,6.0,27.0,30.0,20.0
743f4e,0.06770833333333333,0.010416666666666666,0.17708333333333334,0.7447916666666666,4,0.08333333333333333,192,8.333333333333332,73.0,7.0,20.0,,12.0
7688c1,0.24904214559386972,0.4789272030651341,0.19923371647509577,0.07279693486590039,2,0.0,261,0.0,71.0,13.0,23.0,30.0,16.0
79011a,0.0,0.16149068322981366,0.639751552795031,0.19875776397515527,3,0.8509316770186336,322,85.09316770186336,73.0,7.0,37.0,46.0,20.0
7eb666,0.16279069767441862,0.01627906976744186,0.24186046511627907,0.5790697674418605,4,0.0,430,0.0,73.0,17.0,46.0,45.0,21.0
7fcee9,0.22054380664652568,0.04984894259818731,0.4516616314199396,0.27794561933534745,3,0.03625377643504532,662,3.625377643504532,65.0,22.0,44.0,36.0,10.0
87174c,0.11504424778761062,0.08849557522123894,0.5899705014749262,0.20648967551622419,3,0.0,339,0.0,65.0,4.0,35.0,41.0,19.0
8db7dd,0.09634551495016612,0.3338870431893688,0.4750830564784053,0.0946843853820598,3,0.26411960132890366,602,26.411960132890368,66.0,9.0,38.0,45.0,13.0
93f49f,0.08088235294117647,0.14705882352941177,0.5073529411764706,0.2647058823529412,3,0.19117647058823528,272,19.11764705882353,73.0,7.0,49.0,49.0,14.0
9f85da,0.11304347826086956,0.02608695652173913,0.46956521739130436,0.391304347826087,3,0.25217391304347825,115,25.217391304347824,71.0,17.0,42.0,,21.0
a03db7,0.16873889875666073,0.30017761989342806,0.44404973357015987,0.08703374777975133,3,0.41740674955595025,563,41.740674955595026,56.0,11.0,27.0,55.0,19.0
a80ae4,0.1075,0.2475,0.3925,0.2525,3,0.2425,400,24.25,67.0,5.0,30.0,,24.0
af82b2,0.15869017632241814,0.0,0.21914357682619648,0.6221662468513854,4,0.24685138539042822,397,24.68513853904282,76.0,5.0,41.0,,20.0
b19f77,0.02108433734939759,0.006024096385542169,0.20180722891566266,0.7710843373493976,4,0.5060240963855421,332,50.602409638554214,82.0,15.0,54.0,68.0,21.0
bc3908,0.05555555555555555,0.0027100271002710027,0.32791327913279134,0.6138211382113821,4,0.04607046070460705,738,4.607046070460704,81.0,10.0,67.0,69.0,21.0
c7fee4,0.1206896551724138,0.43103448275862066,0.3103448275862069,0.13793103448275862,2,0.3448275862068966,58,34.48275862068966,80.0,12.0,52.0,,12.0
c85fdf,0.038461538461538464,0.34615384615384615,0.5256410256410257,0.08974358974358974,3,0.0,78,0.0,65.0,10.0,30.0,33.0,22.0
c8e721,0.2761627906976744,0.1569767441860465,0.438953488372093,0.12790697674418605,3,0.1002906976744186,688,10.029069767441861,58.0,5.0,21.0,27.0,20.0
c95ab0,0.09455587392550144,0.07736389684813753,0.4785100286532951,0.3495702005730659,3,0.0,349,0.0,77.0,4.0,41.0,44.0,20.0
d8836b,0.1734475374732334,0.15845824411134904,0.48394004282655245,0.1841541755888651,3,0.0,467,0.0,75.0,9.0,43.0,46.0,20.0
d9312a,0.05417024935511608,0.11263972484952708,0.2768701633705933,0.5563198624247635,4,0.4032674118658641,1163,40.32674118658641,61.0,21.0,38.0,39.0,19.0
e39bc5,0.15748031496062992,0.031496062992125984,0.2992125984251969,0.5118110236220472,4,0.0,127,0.0,63.0,14.0,56.0,,26.0
e8919c,0.10880829015544041,0.010362694300518135,0.42487046632124353,0.45595854922279794,4,0.07253886010362694,193,7.253886010362693,94.0,8.0,42.0,,25.0
e9fc55,0.27040816326530615,0.08163265306122448,0.5612244897959183,0.08673469387755102,3,0.0,196,0.0,64.0,6.0,36.0,,17.0
eeaff0,0.2248062015503876,0.08333333333333333,0.4728682170542636,0.2189922480620155,3,0.0,516,0.0,75.0,10.0,36.0,,19.0
f2c8aa,0.06676783004552352,0.10318664643399089,0.456752655538695,0.37329286798179057,3,0.0,659,0.0,65.0,10.0,43.0,49.0,15.0
f62eec,0.07530647985989491,0.01926444833625219,0.5306479859894921,0.37478108581436076,3,0.26970227670753066,571,26.970227670753065,71.0,10.0,42.0,,24.0
f686f0,0.28368794326241137,0.19148936170212766,0.39361702127659576,0.13120567375886524,3,0.13829787234042554,282,13.829787234042554,61.0,7.0,44.0,,24.0
fa8764,0.1836734693877551,0.2536443148688047,0.40524781341107874,0.15743440233236153,3,0.0,343,0.0,60.0,7.0,30.0,,19.0
