Id,samples,duration_s,NoFoG_s,FoG_s,StartHesitation_s,StartHesitation_episodes,Turn_s,Turn_episodes,Walking_s,Walking_episodes,Subject,Visit,Test,Medication,Age,YearsSinceDx,UPDRSIII_On,UPDRSIII_Off,NFOGQ,Sex,FoG_burden_pct
003f117e14,4682,36.578125,30.421875,6.15625,0.0,0,6.15625,1,0.0,0,4dc2f8,3,2,on,68.0,9.0,17.0,15.0,15.0,F,16.830414352840666
009ee11563,9920,77.5,43.5859375,33.9140625,0.0,0,33.9140625,2,0.0,0,f62eec,4,2,on,71.0,10.0,42.0,,24.0,M,43.76008064516129
011322847a,5187,40.5234375,38.328125,2.1953125,0.0,0,2.1953125,1,0.0,0,231c3b,2,2,on,67.0,12.0,27.0,28.0,19.0,M,5.417389627915944
01d0fe7266,7120,55.625,54.0625,1.5625,0.0,0,1.5625,1,0.0,0,231c3b,2,1,off,67.0,12.0,27.0,28.0,19.0,M,2.808988764044944
024418ba39,5254,41.046875,41.046875,0.0,0.0,0,0.0,0,0.0,0,fa8764,19,3,on,60.0,7.0,30.0,,19.0,F,0.0
024ba3ebd5,3275,25.5859375,25.5859375,0.0,0.0,0,0.0,0,0.0,0,c85fdf,3,2,on,65.0,10.0,30.0,33.0,22.0,M,0.0
02e8454f57,3749,29.2890625,29.2890625,0.0,0.0,0,0.0,0,0.0,0,31d269,2,2,on,72.0,22.0,39.0,65.0,13.0,M,0.0
02edc527c0,5661,44.2265625,44.2265625,0.0,0.0,0,0.0,0,0.0,0,07285e,19,3,on,58.0,1.0,18.0,26.0,10.0,M,0.0
0330ea6680,5507,43.0234375,43.0234375,0.0,0.0,0,0.0,0,0.0,0,02bc69,2,1,on,69.0,4.0,21.0,,22.0,M,0.0
0383be6b43,9215,71.9921875,71.9921875,0.0,0.0,0,0.0,0,0.0,0,7eb666,4,3,on,73.0,17.0,46.0,45.0,21.0,M,0.0
03bb0c0c46,4990,38.984375,36.78125,2.203125,0.0,0,2.203125,2,0.0,0,220a17,3,1,on,63.0,14.0,32.0,38.0,18.0,M,5.651302605210421
03c9d8dbfa,13623,106.4296875,95.6015625,10.828125,0.0,0,10.828125,3,0.0,0,54ee6e,2,2,off,70.0,10.0,27.0,50.0,20.0,F,10.17397049108126
03e7159bcc,7046,55.046875,55.046875,0.0,0.0,0,0.0,0,0.0,0,242a3e,4,2,on,67.0,19.0,48.0,51.0,18.0,M,0.0
0494003044,5172,40.40625,40.40625,0.0,0.0,0,0.0,0,0.0,0,e9fc55,19,3,on,64.0,6.0,36.0,,17.0,M,0.0
04b449020a,7554,59.015625,53.78125,5.234375,0.0,0,5.234375,3,0.0,0,66341b,4,2,on,78.0,10.0,46.0,47.0,19.0,M,8.869473126820228
04c2e97800,3866,30.203125,30.203125,0.0,0.0,0,0.0,0,0.0,0,31d269,3,1,on,72.0,22.0,39.0,65.0,13.0,M,0.0
04e10e0797,14516,113.40625,53.5703125,59.8359375,0.0,0,59.8359375,3,0.0,0,54ee6e,3,3,off,70.0,10.0,27.0,50.0,20.0,F,52.76246899972444
0506d9a39f,5158,40.296875,37.5390625,2.7578125,0.0,0,2.7578125,2,0.0,0,220a17,4,1,on,63.0,14.0,32.0,38.0,18.0,M,6.843737882900349
0526a6a0fd,4254,33.234375,33.234375,0.0,0.0,0,0.0,0,0.0,0,7fcee9,19,2,on,65.0,22.0,44.0,36.0,10.0,M,0.0
052a913d06,9931,77.5859375,73.859375,3.7265625,0.0,0,2.5703125,2,1.15625,1,f686f0,5,2,on,61.0,7.0,44.0,,24.0,M,4.80314167757527
053e7a7261,6224,48.625,48.625,0.0,0.0,0,0.0,0,0.0,0,242a3e,2,1,off,67.0,19.0,48.0,51.0,18.0,M,0.0
0561a4912c,7169,56.0078125,50.7734375,5.234375,0.0,0,5.234375,1,0.0,0,312788,2,1,on,79.0,6.0,44.0,,22.0,F,9.345794392523365
05e892544d,6876,53.71875,34.78125,18.9375,0.0,0,18.9375,5,0.0,0,4ca9b3,2,2,off,74.0,7.0,20.0,32.0,23.0,M,35.25305410122164
06228cf84a,5908,46.15625,43.2734375,2.8828125,0.0,0,2.8828125,2,0.0,0,2a39f8,2,3,on,67.0,6.0,16.0,61.0,21.0,M,6.245768449559919
06422a906e,9869,77.1015625,67.6640625,9.4375,0.0,0,9.4375,2,0.0,0,d9312a,4,3,on,61.0,21.0,38.0,39.0,19.0,M,12.240348566217449
066f785ce0,6632,51.8125,51.8125,0.0,0.0,0,0.0,0,0.0,0,3b2b7a,5,1,off,52.0,4.0,16.0,27.0,16.0,M,0.0
0727c3a6a8,5118,39.984375,39.984375,0.0,0.0,0,0.0,0,0.0,0,4b39ac,20,2,off,67.0,10.0,45.0,72.0,13.0,M,0.0
07bd2e7fbc,6458,50.453125,48.15625,2.296875,0.0,0,0.78125,1,1.515625,1,93f49f,2,3,on,73.0,7.0,49.0,49.0,14.0,M,4.552493031898421
08cb8d3129,7662,59.859375,55.703125,4.15625,0.0,0,4.15625,1,0.0,0,af82b2,4,1,on,76.0,5.0,41.0,,20.0,M,6.943356825894022
08d6702e8a,4946,38.640625,36.28125,2.359375,0.0,0,2.359375,2,0.0,0,251738,4,3,on,70.0,10.0,36.0,43.0,0.0,M,6.105944197331176
08db3a6ad8,6568,51.3125,51.3125,0.0,0.0,0,0.0,0,0.0,0,87174c,4,2,on,65.0,4.0,35.0,41.0,19.0,M,0.0
08e8e06116,7871,61.4921875,61.4921875,0.0,0.0,0,0.0,0,0.0,0,3b2403,19,1,off,51.0,3.0,29.0,37.0,21.0,F,0.0
08fbe142f9,4474,34.953125,34.953125,0.0,0.0,0,0.0,0,0.0,0,a03db7,3,3,on,56.0,11.0,27.0,55.0,19.0,M,0.0
091c246bd1,5516,43.09375,43.09375,0.0,0.0,0,0.0,0,0.0,0,251738,3,3,off,70.0,10.0,36.0,43.0,0.0,M,0.0
09575b5dae,5328,41.625,41.625,0.0,0.0,0,0.0,0,0.0,0,a80ae4,2,1,on,67.0,5.0,30.0,,24.0,M,0.0
0974bf9e9f,5762,45.015625,35.296875,9.71875,0.0,0,9.71875,2,0.0,0,231c3b,5,2,off,67.0,12.0,27.0,28.0,19.0,M,21.58972578965637
099362b821,5383,42.0546875,42.0546875,0.0,0.0,0,0.0,0,0.0,0,364459,13,1,off,76.0,7.0,38.0,42.0,13.0,M,0.0
0a89f859b5,9155,71.5234375,68.0234375,3.5,0.0,0,3.5,1,0.0,0,bc3908,4,1,on,81.0,10.0,67.0,69.0,21.0,F,4.893500819224467
0b067c4b09,5070,39.609375,39.609375,0.0,0.0,0,0.0,0,0.0,0,3b2b7a,5,2,on,52.0,4.0,16.0,27.0,16.0,M,0.0
0b26b0d64f,4648,36.3125,33.953125,2.359375,0.0,0,2.359375,2,0.0,0,251738,5,3,off,70.0,10.0,36.0,43.0,0.0,M,6.497418244406196
0b2b9bc455,4057,31.6953125,31.6953125,0.0,0.0,0,0.0,0,0.0,0,a03db7,3,1,on,56.0,11.0,27.0,55.0,19.0,M,0.0
0b36680dd2,4968,38.8125,32.4765625,6.3359375,0.0,0,6.3359375,1,0.0,0,4ba1d3,5,1,on,71.0,23.0,42.0,,18.0,M,16.324476650563607
0b684505f4,5399,42.1796875,42.1796875,0.0,0.0,0,0.0,0,0.0,0,364459,2,2,on,76.0,7.0,38.0,42.0,13.0,M,0.0
0b73d30dee,7988,62.40625,33.9921875,28.4140625,0.0,0,28.4140625,3,0.0,0,a03db7,3,2,off,56.0,11.0,27.0,55.0,19.0,M,45.53079619429144
0b77238a70,9424,73.625,41.953125,31.671875,0.0,0,23.28125,2,8.390625,3,2a39f8,3,1,off,67.0,6.0,16.0,61.0,21.0,M,43.01782682512734
0bcd4db9cc,5854,45.734375,45.734375,0.0,0.0,0,0.0,0,0.0,0,4b39ac,2,1,off,67.0,10.0,45.0,72.0,13.0,M,0.0
0c4742dfa9,8769,68.5078125,66.3515625,2.15625,0.0,0,2.15625,1,0.0,0,66341b,3,3,on,78.0,10.0,46.0,47.0,19.0,M,3.1474512487170716
0c7b7078a3,10819,84.5234375,41.8828125,42.640625,0.0,0,42.640625,4,0.0,0,31d269,2,3,off,72.0,22.0,39.0,65.0,13.0,M,50.448285423791475
0c98e4bfe5,3254,25.421875,25.421875,0.0,0.0,0,0.0,0,0.0,0,301ada,13,1,on,70.0,14.0,15.0,,17.0,M,0.0
0cbb7f4ed9,4575,35.7421875,35.7421875,0.0,0.0,0,0.0,0,0.0,0,51574c,4,2,on,64.0,6.0,21.0,33.0,20.0,M,0.0
0ced92d444,8740,68.28125,68.28125,0.0,0.0,0,0.0,0,0.0,0,bc3908,2,2,off,81.0,10.0,67.0,69.0,21.0,F,0.0
0d36278c02,7737,60.4453125,50.390625,10.0546875,0.0,0,10.0546875,1,0.0,0,242a3e,5,3,off,67.0,19.0,48.0,51.0,18.0,M,16.634354400930594
0df04e8431,5115,39.9609375,38.0,1.9609375,0.0,0,1.9609375,2,0.0,0,8db7dd,3,2,on,66.0,9.0,38.0,45.0,13.0,M,4.9071358748778104
0e7586003e,5843,45.6484375,45.6484375,0.0,0.0,0,0.0,0,0.0,0,87174c,3,2,on,65.0,4.0,35.0,41.0,19.0,M,0.0
0ee65f094c,9828,76.78125,76.78125,0.0,0.0,0,0.0,0,0.0,0,69cc45,20,1,on,68.0,14.0,47.0,91.0,21.0,M,0.0
0f985a8440,4415,34.4921875,34.4921875,0.0,0.0,0,0.0,0,0.0,0,4b39ac,20,1,off,67.0,10.0,45.0,72.0,13.0,M,0.0
0fa268cc9a,4123,32.2109375,32.2109375,0.0,0.0,0,0.0,0,0.0,0,251738,5,2,on,70.0,10.0,36.0,43.0,0.0,M,0.0
108bc2ad85,4800,37.5,37.5,0.0,0.0,0,0.0,0,0.0,0,31d269,3,1,off,72.0,22.0,39.0,65.0,13.0,M,0.0
10efee36af,3846,30.046875,24.6484375,5.3984375,0.0,0,5.3984375,1,0.0,0,31d269,2,1,on,72.0,22.0,39.0,65.0,13.0,M,17.96671866874675
117c7f2015,13606,106.296875,106.296875,0.0,0.0,0,0.0,0,0.0,0,3b2403,19,3,off,51.0,3.0,29.0,37.0,21.0,F,0.0
11d9a51544,9279,72.4921875,61.3515625,11.140625,0.0,0,11.140625,5,0.0,0,f62eec,3,2,on,71.0,10.0,42.0,,24.0,M,15.368035348636706
11eb994ab0,4600,35.9375,35.9375,0.0,0.0,0,0.0,0,0.0,0,31d269,5,2,on,72.0,22.0,39.0,65.0,13.0,M,0.0
122a562d6a,7192,56.1875,56.1875,0.0,0.0,0,0.0,0,0.0,0,d8836b,2,3,off,75.0,9.0,43.0,46.0,20.0,M,0.0
123ae553b3,4131,32.2734375,32.2734375,0.0,0.0,0,0.0,0,0.0,0,07285e,20,1,on,58.0,1.0,18.0,26.0,10.0,M,0.0
1254c50add,9428,73.65625,73.65625,0.0,0.0,0,0.0,0,0.0,0,eeaff0,4,3,on,75.0,10.0,36.0,,19.0,M,0.0
12b66cf8f7,2937,22.9453125,22.9453125,0.0,0.0,0,0.0,0,0.0,0,6a3e93,19,2,on,69.0,6.0,27.0,30.0,20.0,M,0.0
12cc9a48ee,4935,38.5546875,38.5546875,0.0,0.0,0,0.0,0,0.0,0,07285e,2,1,on,58.0,1.0,18.0,26.0,10.0,M,0.0
12d7397379,9217,72.0078125,72.0078125,0.0,0.0,0,0.0,0,0.0,0,f2c8aa,5,3,off,65.0,10.0,43.0,49.0,15.0,M,0.0
12dd57ee9c,9857,77.0078125,75.5859375,1.421875,0.0,0,1.421875,1,0.0,0,bc3908,3,1,off,81.0,10.0,67.0,69.0,21.0,F,1.8464035710662474
12f93693fe,5531,43.2109375,24.171875,19.0390625,0.0,0,19.0390625,3,0.0,0,2c98f7,3,3,off,73.0,1.0,30.0,32.0,20.0,M,44.06074850840716
12ff3f3f50,3633,28.3828125,28.3828125,0.0,0.0,0,0.0,0,0.0,0,a03db7,5,2,on,56.0,11.0,27.0,55.0,19.0,M,0.0
13bbb1b5ec,6809,53.1953125,53.1953125,0.0,0.0,0,0.0,0,0.0,0,a80ae4,13,1,on,67.0,5.0,30.0,,24.0,M,0.0
13d0015a77,3430,26.796875,26.796875,0.0,0.0,0,0.0,0,0.0,0,a03db7,4,1,on,56.0,11.0,27.0,55.0,19.0,M,0.0
13dd212d5a,5497,42.9453125,42.9453125,0.0,0.0,0,0.0,0,0.0,0,87174c,3,1,on,65.0,4.0,35.0,41.0,19.0,M,0.0
146bd622af,13111,102.4296875,44.5390625,57.890625,0.0,0,50.9375,3,6.953125,1,4ba1d3,5,3,on,71.0,23.0,42.0,,18.0,M,56.51742811379757
1475b8af0f,4886,38.171875,38.171875,0.0,0.0,0,0.0,0,0.0,0,c8e721,3,3,off,58.0,5.0,21.0,27.0,20.0,F,0.0
15219ff4dc,6942,54.234375,54.234375,0.0,0.0,0,0.0,0,0.0,0,242a3e,2,2,off,67.0,19.0,48.0,51.0,18.0,M,0.0
15671a03ca,5170,40.390625,40.390625,0.0,0.0,0,0.0,0,0.0,0,4dc2f8,2,2,off,68.0,9.0,17.0,15.0,15.0,F,0.0
1570478e31,11886,92.859375,92.859375,0.0,0.0,0,0.0,0,0.0,0,7eb666,3,3,on,73.0,17.0,46.0,45.0,21.0,M,0.0
1586cb0733,6120,47.8125,47.8125,0.0,0.0,0,0.0,0,0.0,0,3b2403,2,2,on,51.0,3.0,29.0,37.0,21.0,F,0.0
1617d7c323,6440,50.3125,40.8203125,9.4921875,0.0,0,9.4921875,2,0.0,0,220a17,2,2,on,63.0,14.0,32.0,38.0,18.0,M,18.866459627329192
1620f0ce71,7563,59.0859375,55.4453125,3.640625,0.0,0,3.640625,1,0.0,0,e8919c,2,3,on,94.0,8.0,42.0,,25.0,M,6.161576094142536
16464efd8d,9959,77.8046875,73.5234375,4.28125,0.0,0,4.28125,2,0.0,0,4b39ac,13,3,off,67.0,10.0,45.0,72.0,13.0,M,5.502560498041972
166bc81085,6689,52.2578125,34.34375,17.9140625,2.078125,1,15.8359375,3,0.0,0,24a59d,3,1,off,77.0,1.0,37.0,39.0,21.0,M,34.28016145911197
16c577bb75,4215,32.9296875,32.046875,0.8828125,0.0,0,0.8828125,1,0.0,0,4ca9b3,4,1,on,74.0,7.0,20.0,32.0,23.0,M,2.6809015421115063
18464721b4,4447,34.7421875,34.7421875,0.0,0.0,0,0.0,0,0.0,0,f2c8aa,4,3,on,65.0,10.0,43.0,49.0,15.0,M,0.0
18771100ac,6188,48.34375,45.125,3.21875,0.0,0,3.21875,1,0.0,0,4ba1d3,3,2,on,71.0,23.0,42.0,,18.0,M,6.658047834518423
19be3c611f,5972,46.65625,44.0,2.65625,0.0,0,2.65625,3,0.0,0,242a3e,2,1,on,67.0,19.0,48.0,51.0,18.0,M,5.693235097119893
19e4f58e60,5926,46.296875,40.21875,6.078125,0.0,0,6.078125,1,0.0,0,3b2b7a,2,1,off,52.0,4.0,16.0,27.0,16.0,M,13.128585892676341
1a2a16d696,10316,80.59375,80.59375,0.0,0.0,0,0.0,0,0.0,0,364459,13,3,off,76.0,7.0,38.0,42.0,13.0,M,0.0
1a7103d261,6224,48.625,48.625,0.0,0.0,0,0.0,0,0.0,0,fa8764,20,3,on,60.0,7.0,30.0,,19.0,F,0.0
1acbb41e29,3558,27.796875,27.5625,0.234375,0.0,0,0.234375,1,0.0,0,251738,3,1,on,70.0,10.0,36.0,43.0,0.0,M,0.8431703204047217
1ae72ba57e,4891,38.2109375,38.2109375,0.0,0.0,0,0.0,0,0.0,0,7fcee9,20,2,on,65.0,22.0,44.0,36.0,10.0,M,0.0
1b02531ca7,4869,38.0390625,36.40625,1.6328125,0.0,0,1.6328125,1,0.0,0,4b39ac,13,2,on,67.0,10.0,45.0,72.0,13.0,M,4.292462517970836
1b75dcd7bb,5042,39.390625,21.8671875,17.5234375,0.0,0,17.5234375,2,0.0,0,2c98f7,3,1,off,73.0,1.0,30.0,32.0,20.0,M,44.48631495438318
1bb45d06e1,8610,67.265625,62.703125,4.5625,0.0,0,4.5625,1,0.0,0,7fcee9,13,3,on,65.0,22.0,44.0,36.0,10.0,M,6.78281068524971
1bb76b9425,6794,53.078125,48.9609375,4.1171875,0.0,0,4.1171875,3,0.0,0,220a17,4,2,off,63.0,14.0,32.0,38.0,18.0,M,7.756844274359729
1bd0e597d5,6325,49.4140625,49.4140625,0.0,0.0,0,0.0,0,0.0,0,743f4e,2,2,on,73.0,7.0,20.0,,12.0,F,0.0
1bdbd359f4,4533,35.4140625,35.4140625,0.0,0.0,0,0.0,0,0.0,0,c8e721,3,2,off,58.0,5.0,21.0,27.0,20.0,F,0.0
1c13b1cc60,7413,57.9140625,56.8359375,1.078125,0.0,0,1.078125,1,0.0,0,4b39ac,19,3,on,67.0,10.0,45.0,72.0,13.0,M,1.8615944961554027
1c6d13c09f,7538,58.890625,50.40625,8.484375,0.0,0,8.484375,3,0.0,0,8db7dd,3,3,off,66.0,9.0,38.0,45.0,13.0,M,14.407004510480233
1c9f1bb280,6282,49.078125,49.078125,0.0,0.0,0,0.0,0,0.0,0,4bb5d0,3,3,on,80.0,16.0,38.0,,21.0,M,0.0
1dc20e5bdd,15223,118.9296875,97.0078125,21.921875,0.0,0,21.921875,2,0.0,0,af82b2,3,3,on,76.0,5.0,41.0,,20.0,M,18.432634828877358
1dd4eef29f,6021,47.0390625,47.0390625,0.0,0.0,0,0.0,0,0.0,0,516a67,3,3,on,68.0,11.0,24.0,28.0,12.0,M,0.0
1e45dd8eab,5485,42.8515625,42.8515625,0.0,0.0,0,0.0,0,0.0,0,7eb666,4,1,on,73.0,17.0,46.0,45.0,21.0,M,0.0
1e5f843874,9964,77.84375,47.125,30.71875,0.0,0,30.71875,4,0.0,0,48fd62,13,2,on,81.0,1.0,42.0,30.0,16.0,M,39.462063428342034
1ea3e3f75d,8201,64.0703125,64.0703125,0.0,0.0,0,0.0,0,0.0,0,4b39ac,2,3,off,67.0,10.0,45.0,72.0,13.0,M,0.0
1ebd3b113f,7039,54.9921875,54.9921875,0.0,0.0,0,0.0,0,0.0,0,3b2403,2,2,off,51.0,3.0,29.0,37.0,21.0,F,0.0
1f75604862,3238,25.296875,25.296875,0.0,0.0,0,0.0,0,0.0,0,c85fdf,3,1,on,65.0,10.0,30.0,33.0,22.0,M,0.0
1f7ce6ede1,8886,69.421875,62.609375,6.8125,0.0,0,6.8125,2,0.0,0,93f49f,13,2,off,73.0,7.0,49.0,49.0,14.0,M,9.813189286518119
1fdfe3275a,4430,34.609375,34.609375,0.0,0.0,0,0.0,0,0.0,0,8db7dd,4,1,on,66.0,9.0,38.0,45.0,13.0,M,0.0
2099c4e27f,6472,50.5625,50.5625,0.0,0.0,0,0.0,0,0.0,0,364459,13,2,off,76.0,7.0,38.0,42.0,13.0,M,0.0
21a3196147,7371,57.5859375,47.1171875,10.46875,0.0,0,10.46875,3,0.0,0,66341b,2,1,on,78.0,10.0,46.0,47.0,19.0,M,18.179351512684846
2243190dc9,7916,61.84375,49.5078125,12.3359375,0.0,0,12.3359375,4,0.0,0,242a3e,3,3,on,67.0,19.0,48.0,51.0,18.0,M,19.946942900454776
2365c918c9,6659,52.0234375,29.3828125,22.640625,1.8046875,1,18.7578125,4,2.078125,1,24a59d,3,2,off,77.0,1.0,37.0,39.0,21.0,M,43.52004805526355
23901b61f6,7986,62.390625,62.390625,0.0,0.0,0,0.0,0,0.0,0,07285e,2,3,off,58.0,1.0,18.0,26.0,10.0,M,0.0
24117478c8,6672,52.125,52.125,0.0,0.0,0,0.0,0,0.0,0,f2c8aa,3,3,off,65.0,10.0,43.0,49.0,15.0,M,0.0
24db98b57e,7294,56.984375,49.7734375,7.2109375,0.0,0,7.2109375,4,0.0,0,d9312a,5,2,on,61.0,21.0,38.0,39.0,19.0,M,12.654236358650946
2506f352d3,4167,32.5546875,32.5546875,0.0,0.0,0,0.0,0,0.0,0,3b2b7a,5,1,on,52.0,4.0,16.0,27.0,16.0,M,0.0
251c37f6e0,4828,37.71875,34.3125,3.40625,0.0,0,3.40625,2,0.0,0,516a67,3,1,off,68.0,11.0,24.0,28.0,12.0,M,9.030654515327258
257c266332,10665,83.3203125,51.0703125,32.25,0.0,0,32.25,7,0.0,0,d9312a,4,2,on,61.0,21.0,38.0,39.0,19.0,M,38.70604781997187
2603397efa,4890,38.203125,17.171875,21.03125,0.0,0,21.03125,3,0.0,0,2c98f7,4,2,on,73.0,1.0,30.0,32.0,20.0,M,55.05112474437628
263f86b1d5,8503,66.4296875,62.3515625,4.078125,0.0,0,4.078125,2,0.0,0,220a17,4,3,on,63.0,14.0,32.0,38.0,18.0,M,6.1390097612607315
267f36cd04,4239,33.1171875,33.1171875,0.0,0.0,0,0.0,0,0.0,0,f2c8aa,3,1,off,65.0,10.0,43.0,49.0,15.0,M,0.0
2693dd159b,4416,34.5,33.34375,1.15625,0.0,0,1.15625,1,0.0,0,4ca9b3,4,2,on,74.0,7.0,20.0,32.0,23.0,M,3.351449275362319
2694b5086f,8306,64.890625,46.53125,18.359375,0.0,0,18.359375,2,0.0,0,d9312a,5,3,on,61.0,21.0,38.0,39.0,19.0,M,28.292800385263664
2719e6273a,4502,35.171875,35.171875,0.0,0.0,0,0.0,0,0.0,0,082f01,2,1,on,64.0,17.0,45.0,57.0,24.0,M,0.0
281a8e3e66,5313,41.5078125,41.5078125,0.0,0.0,0,0.0,0,0.0,0,242a3e,5,2,on,67.0,19.0,48.0,51.0,18.0,M,0.0
2839a49b5a,7140,55.78125,54.1015625,1.6796875,0.0,0,1.6796875,1,0.0,0,4b39ac,13,3,on,67.0,10.0,45.0,72.0,13.0,M,3.011204481792717
2855712333,10105,78.9453125,68.9140625,10.03125,0.0,0,10.03125,2,0.0,0,d9312a,4,3,off,61.0,21.0,38.0,39.0,19.0,M,12.706580900544285
287aa78d1f,4621,36.1015625,36.1015625,0.0,0.0,0,0.0,0,0.0,0,7fcee9,20,2,off,65.0,22.0,44.0,36.0,10.0,M,0.0
28cb22c5e2,8026,62.703125,62.703125,0.0,0.0,0,0.0,0,0.0,0,02bc69,13,2,on,69.0,4.0,21.0,,22.0,M,0.0
295040848f,7132,55.71875,55.71875,0.0,0.0,0,0.0,0,0.0,0,d8836b,19,3,on,75.0,9.0,43.0,46.0,20.0,M,0.0
29d97e516f,9772,76.34375,76.34375,0.0,0.0,0,0.0,0,0.0,0,bc3908,2,3,on,81.0,10.0,67.0,69.0,21.0,F,0.0
29fd1a607c,7609,59.4453125,35.3671875,24.078125,0.0,0,24.078125,1,0.0,0,d9312a,2,1,off,61.0,21.0,38.0,39.0,19.0,M,40.504665527664606
2a082fe090,7077,55.2890625,36.0703125,19.21875,0.0,0,19.21875,4,0.0,0,516a67,2,1,off,68.0,11.0,24.0,28.0,12.0,M,34.7604917337855
2a9faf5644,5150,40.234375,40.234375,0.0,0.0,0,0.0,0,0.0,0,31d269,3,3,on,72.0,22.0,39.0,65.0,13.0,M,0.0
2aeeb5e0bb,8492,66.34375,65.421875,0.921875,0.0,0,0.921875,1,0.0,0,4b39ac,19,3,off,67.0,10.0,45.0,72.0,13.0,M,1.389543099387659
2b083aaff2,8730,68.203125,62.4375,5.765625,0.0,0,5.765625,1,0.0,0,af82b2,3,1,on,76.0,5.0,41.0,,20.0,M,8.45360824742268
2b16875a82,5892,46.03125,46.03125,0.0,0.0,0,0.0,0,0.0,0,31d269,5,2,off,72.0,22.0,39.0,65.0,13.0,M,0.0
2c90026a46,5675,44.3359375,44.3359375,0.0,0.0,0,0.0,0,0.0,0,c95ab0,20,1,on,77.0,4.0,41.0,44.0,20.0,M,0.0
2ca9bd3533,7001,54.6953125,51.09375,3.6015625,0.0,0,1.9609375,1,1.640625,2,4dc2f8,2,3,on,68.0,9.0,17.0,15.0,15.0,F,6.5847736037708895
2cff5b9873,6144,48.0,48.0,0.0,0.0,0,0.0,0,0.0,0,59f492,13,2,on,54.0,4.0,15.0,,6.0,F,0.0
2d41e89a3f,5496,42.9375,42.9375,0.0,0.0,0,0.0,0,0.0,0,69cc45,2,2,on,68.0,14.0,47.0,91.0,21.0,M,0.0
2d481ad987,12219,95.4609375,24.3046875,71.15625,0.0,0,54.359375,2,16.796875,4,79011a,2,1,off,73.0,7.0,37.0,46.0,20.0,M,74.53965136263197
2d53933ac8,4663,36.4296875,36.4296875,0.0,0.0,0,0.0,0,0.0,0,eeaff0,5,1,on,75.0,10.0,36.0,,19.0,M,0.0
2daabdfd67,5376,42.0,42.0,0.0,0.0,0,0.0,0,0.0,0,c8e721,4,3,on,58.0,5.0,21.0,27.0,20.0,F,0.0
2dc52b2712,3543,27.6796875,27.6796875,0.0,0.0,0,0.0,0,0.0,0,31d269,4,1,on,72.0,22.0,39.0,65.0,13.0,M,0.0
2de4aed7a5,4384,34.25,34.25,0.0,0.0,0,0.0,0,0.0,0,d8836b,19,3,off,75.0,9.0,43.0,46.0,20.0,M,0.0
2dec5ee558,10024,78.3125,47.5625,30.75,0.0,0,30.75,9,0.0,0,d9312a,4,1,on,61.0,21.0,38.0,39.0,19.0,M,39.265762170790104
2e0fa1ed4e,3057,23.8828125,23.8828125,0.0,0.0,0,0.0,0,0.0,0,301ada,2,2,on,70.0,14.0,15.0,,17.0,M,0.0
2e211c50e9,9660,75.46875,75.46875,0.0,0.0,0,0.0,0,0.0,0,eeaff0,3,3,on,75.0,10.0,36.0,,19.0,M,0.0
2e3b57b4e8,5285,41.2890625,41.2890625,0.0,0.0,0,0.0,0,0.0,0,8db7dd,3,3,on,66.0,9.0,38.0,45.0,13.0,M,0.0
2ef9657041,7226,56.453125,53.296875,3.15625,0.0,0,3.15625,2,0.0,0,66341b,4,1,off,78.0,10.0,46.0,47.0,19.0,M,5.590921671740936
2f2550749b,5635,44.0234375,44.0234375,0.0,0.0,0,0.0,0,0.0,0,251738,2,3,off,70.0,10.0,36.0,43.0,0.0,M,0.0
2fd1ea2fa4,5231,40.8671875,40.8671875,0.0,0.0,0,0.0,0,0.0,0,69cc45,13,2,on,68.0,14.0,47.0,91.0,21.0,M,0.0
2fd6377dd0,9764,76.28125,49.8515625,26.4296875,0.0,0,26.4296875,6,0.0,0,d9312a,5,1,on,61.0,21.0,38.0,39.0,19.0,M,34.647685374846375
306dd643a8,5702,44.546875,44.546875,0.0,0.0,0,0.0,0,0.0,0,d8836b,2,2,off,75.0,9.0,43.0,46.0,20.0,M,0.0
310c0b04e3,7619,59.5234375,29.671875,29.8515625,0.0,0,29.8515625,2,0.0,0,4ca9b3,4,2,off,74.0,7.0,20.0,32.0,23.0,M,50.15093844336527
311a44bc44,3635,28.3984375,28.3984375,0.0,0.0,0,0.0,0,0.0,0,251738,3,1,off,70.0,10.0,36.0,43.0,0.0,M,0.0
31c7065b3d,5167,40.3671875,40.3671875,0.0,0.0,0,0.0,0,0.0,0,f2c8aa,3,3,on,65.0,10.0,43.0,49.0,15.0,M,0.0
323e69055f,6169,48.1953125,48.1953125,0.0,0.0,0,0.0,0,0.0,0,516a67,3,3,off,68.0,11.0,24.0,28.0,12.0,M,0.0
32685c1cb7,5756,44.96875,37.171875,7.796875,0.0,0,7.796875,3,0.0,0,231c3b,4,2,off,67.0,12.0,27.0,28.0,19.0,M,17.338429464906184
3291d59f24,6461,50.4765625,32.0,18.4765625,0.0,0,15.1953125,4,3.28125,1,a03db7,5,2,off,56.0,11.0,27.0,55.0,19.0,M,36.60424082959294
32b4bdc304,8101,63.2890625,50.546875,12.7421875,0.6953125,1,12.046875,4,0.0,0,66341b,2,1,off,78.0,10.0,46.0,47.0,19.0,M,20.133316874459943
33f56a4083,7070,55.234375,55.234375,0.0,0.0,0,0.0,0,0.0,0,364459,2,3,off,76.0,7.0,38.0,42.0,13.0,M,0.0
3415b61278,4261,33.2890625,33.2890625,0.0,0.0,0,0.0,0,0.0,0,3b2b7a,3,1,on,52.0,4.0,16.0,27.0,16.0,M,0.0
343d04c4ad,4488,35.0625,34.265625,0.796875,0.0,0,0.796875,1,0.0,0,251738,5,1,on,70.0,10.0,36.0,43.0,0.0,M,2.272727272727273
34a03b83bb,4306,33.640625,33.640625,0.0,0.0,0,0.0,0,0.0,0,c8e721,5,1,off,58.0,5.0,21.0,27.0,20.0,F,0.0
34dfee952f,8375,65.4296875,65.4296875,0.0,0.0,0,0.0,0,0.0,0,3b2403,13,2,off,51.0,3.0,29.0,37.0,21.0,F,0.0
351b10100a,3101,24.2265625,24.2265625,0.0,0.0,0,0.0,0,0.0,0,f2c8aa,4,2,on,65.0,10.0,43.0,49.0,15.0,M,0.0
35bd42e628,15629,122.1015625,25.03125,97.0703125,2.4375,1,86.7578125,3,7.875,2,79011a,2,2,on,73.0,7.0,37.0,46.0,20.0,M,79.49964809008894
35ffe4978b,6079,47.4921875,45.1328125,2.359375,0.0,0,2.359375,1,0.0,0,8db7dd,2,1,on,66.0,9.0,38.0,45.0,13.0,M,4.9679223556506
3654b40cc6,7730,60.390625,34.6953125,25.6953125,0.0,0,25.6953125,2,0.0,0,4bb5d0,4,1,on,80.0,16.0,38.0,,21.0,M,42.54851228978008
3656b7f3ba,4375,34.1796875,34.1796875,0.0,0.0,0,0.0,0,0.0,0,082f01,2,2,on,64.0,17.0,45.0,57.0,24.0,M,0.0
36d5bf36cc,5472,42.75,42.75,0.0,0.0,0,0.0,0,0.0,0,c95ab0,19,2,on,77.0,4.0,41.0,44.0,20.0,M,0.0
36f2e89275,5497,42.9453125,42.9453125,0.0,0.0,0,0.0,0,0.0,0,31d269,5,3,on,72.0,22.0,39.0,65.0,13.0,M,0.0
375beaf4dc,6912,54.0,39.640625,14.359375,6.6796875,1,7.6796875,3,0.0,0,5c0b8a,20,2,on,76.0,17.0,79.0,,24.0,M,26.591435185185187
382f4dc088,3630,28.359375,28.359375,0.0,0.0,0,0.0,0,0.0,0,7688c1,3,1,off,71.0,13.0,23.0,30.0,16.0,M,0.0
38323bc013,7076,55.28125,55.28125,0.0,0.0,0,0.0,0,0.0,0,3b2403,13,1,off,51.0,3.0,29.0,37.0,21.0,F,0.0
38ab7e09e8,4821,37.6640625,37.6640625,0.0,0.0,0,0.0,0,0.0,0,364459,13,1,on,76.0,7.0,38.0,42.0,13.0,M,0.0
38ca933665,12591,98.3671875,98.3671875,0.0,0.0,0,0.0,0,0.0,0,3b2403,13,3,off,51.0,3.0,29.0,37.0,21.0,F,0.0
39748207e6,9162,71.578125,52.7421875,18.8359375,0.0,0,18.8359375,3,0.0,0,54ee6e,2,1,off,70.0,10.0,27.0,50.0,20.0,F,26.315215018554902
39a7f3c7cf,4333,33.8515625,33.8515625,0.0,0.0,0,0.0,0,0.0,0,251738,2,1,off,70.0,10.0,36.0,43.0,0.0,M,0.0
39cf5dd806,5098,39.828125,22.984375,16.84375,0.0,0,16.84375,2,0.0,0,2c98f7,4,1,off,73.0,1.0,30.0,32.0,20.0,M,42.291094546881126
3a7368e9c8,6204,48.46875,48.46875,0.0,0.0,0,0.0,0,0.0,0,07285e,13,3,on,58.0,1.0,18.0,26.0,10.0,M,0.0
3a7fcfa14f,6044,47.21875,47.21875,0.0,0.0,0,0.0,0,0.0,0,fa8764,13,3,on,60.0,7.0,30.0,,19.0,F,0.0
3ab12d770e,3147,24.5859375,24.5859375,0.0,0.0,0,0.0,0,0.0,0,6a3e93,19,1,on,69.0,6.0,27.0,30.0,20.0,M,0.0
3baba38642,4826,37.703125,29.375,8.328125,0.0,0,8.328125,3,0.0,0,2c98f7,2,3,off,73.0,1.0,30.0,32.0,20.0,M,22.088686282635724
3c2ba8e1fb,7182,56.109375,56.109375,0.0,0.0,0,0.0,0,0.0,0,87174c,4,3,on,65.0,4.0,35.0,41.0,19.0,M,0.0
3c535f4851,6224,48.625,48.625,0.0,0.0,0,0.0,0,0.0,0,4dc2f8,4,1,on,68.0,9.0,17.0,15.0,15.0,F,0.0
3c695f53c3,6845,53.4765625,53.4765625,0.0,0.0,0,0.0,0,0.0,0,3b2403,2,1,off,51.0,3.0,29.0,37.0,21.0,F,0.0
3c72bc1e83,5151,40.2421875,40.2421875,0.0,0.0,0,0.0,0,0.0,0,e9fc55,20,1,on,64.0,6.0,36.0,,17.0,M,0.0
3cd4c680cb,8524,66.59375,47.59375,19.0,0.0,0,9.5625,3,9.4375,1,5c0b8a,13,2,on,76.0,17.0,79.0,,24.0,M,28.531206006569686
3e76490612,5320,41.5625,40.0390625,1.5234375,0.0,0,1.5234375,1,0.0,0,516a67,3,1,on,68.0,11.0,24.0,28.0,12.0,M,3.6654135338345863
3e9a43491a,10975,85.7421875,41.7421875,44.0,0.0,0,44.0,1,0.0,0,d9312a,5,2,off,61.0,21.0,38.0,39.0,19.0,M,51.31662870159453
40009202e8,3834,29.953125,29.953125,0.0,0.0,0,0.0,0,0.0,0,4ca9b3,3,3,on,74.0,7.0,20.0,32.0,23.0,M,0.0
4025712647,3943,30.8046875,28.9296875,1.875,0.0,0,1.875,1,0.0,0,2a39f8,3,3,on,67.0,6.0,16.0,61.0,21.0,M,6.086735987826528
4171ea3a0c,3687,28.8046875,28.8046875,0.0,0.0,0,0.0,0,0.0,0,082f01,3,2,on,64.0,17.0,45.0,57.0,24.0,M,0.0
42159b8654,7213,56.3515625,56.3515625,0.0,0.0,0,0.0,0,0.0,0,69cc45,2,3,on,68.0,14.0,47.0,91.0,21.0,M,0.0
4241a1abec,5287,41.3046875,41.3046875,0.0,0.0,0,0.0,0,0.0,0,f2c8aa,5,3,on,65.0,10.0,43.0,49.0,15.0,M,0.0
424da45f39,5404,42.21875,42.21875,0.0,0.0,0,0.0,0,0.0,0,d8836b,2,1,off,75.0,9.0,43.0,46.0,20.0,M,0.0
4280c8d63b,8513,66.5078125,55.5,11.0078125,0.0,0,11.0078125,4,0.0,0,4bb5d0,5,2,on,80.0,16.0,38.0,,21.0,M,16.55115705391754
4376e93f66,5409,42.2578125,40.1015625,2.15625,0.0,0,2.15625,2,0.0,0,f686f0,2,1,on,61.0,7.0,44.0,,24.0,M,5.102606766500277
4377dcaba1,6204,48.46875,45.4296875,3.0390625,0.0,0,3.0390625,1,0.0,0,4b39ac,2,2,off,67.0,10.0,45.0,72.0,13.0,M,6.270148291424888
4389520d86,8655,67.6171875,67.6171875,0.0,0.0,0,0.0,0,0.0,0,eeaff0,5,3,on,75.0,10.0,36.0,,19.0,M,0.0
4394d40a52,6677,52.1640625,52.1640625,0.0,0.0,0,0.0,0,0.0,0,a80ae4,2,3,on,67.0,5.0,30.0,,24.0,M,0.0
439f6c74ef,8788,68.65625,61.15625,7.5,0.0,0,7.5,2,0.0,0,66341b,2,3,off,78.0,10.0,46.0,47.0,19.0,M,10.923987255348202
43dc843208,8024,62.6875,33.828125,28.859375,0.4609375,1,28.3984375,2,0.0,0,4ca9b3,3,2,off,74.0,7.0,20.0,32.0,23.0,M,46.03688933200399
448d4345d4,8704,68.0,66.8828125,1.1171875,0.0,0,1.1171875,1,0.0,0,66341b,4,3,off,78.0,10.0,46.0,47.0,19.0,M,1.642922794117647
44ecc354b1,6082,47.515625,47.515625,0.0,0.0,0,0.0,0,0.0,0,7fcee9,20,3,on,65.0,22.0,44.0,36.0,10.0,M,0.0
44eee2d023,4190,32.734375,32.734375,0.0,0.0,0,0.0,0,0.0,0,f2c8aa,2,1,on,65.0,10.0,43.0,49.0,15.0,M,0.0
4548e8f504,8700,67.96875,67.96875,0.0,0.0,0,0.0,0,0.0,0,364459,13,3,on,76.0,7.0,38.0,42.0,13.0,M,0.0
45b805c13d,5816,45.4375,44.1953125,1.2421875,0.0,0,1.2421875,1,0.0,0,4f13b4,2,2,on,68.0,12.0,22.0,39.0,22.0,F,2.733837689133425
4613562d88,6241,48.7578125,48.7578125,0.0,0.0,0,0.0,0,0.0,0,4b39ac,20,1,on,67.0,10.0,45.0,72.0,13.0,M,0.0
46300e025f,7241,56.5703125,30.25,26.3203125,1.1953125,1,23.3203125,2,1.8046875,1,2c98f7,5,2,on,73.0,1.0,30.0,32.0,20.0,M,46.52672282833863
468c2192f7,5274,41.203125,41.203125,0.0,0.0,0,0.0,0,0.0,0,242a3e,3,1,on,67.0,19.0,48.0,51.0,18.0,M,0.0
46a7f9cf40,5612,43.84375,43.84375,0.0,0.0,0,0.0,0,0.0,0,4ba1d3,3,1,on,71.0,23.0,42.0,,18.0,M,0.0
47084c5065,10443,81.5859375,76.3125,5.2734375,0.0,0,5.2734375,2,0.0,0,66341b,3,3,off,78.0,10.0,46.0,47.0,19.0,M,6.463659867854065
47bc953a16,5224,40.8125,40.8125,0.0,0.0,0,0.0,0,0.0,0,4f13b4,3,1,on,68.0,12.0,22.0,39.0,22.0,F,0.0
47d23756ee,5633,44.0078125,44.0078125,0.0,0.0,0,0.0,0,0.0,0,a80ae4,20,2,on,67.0,5.0,30.0,,24.0,M,0.0
47d9fdd686,4984,38.9375,38.9375,0.0,0.0,0,0.0,0,0.0,0,07285e,19,2,on,58.0,1.0,18.0,26.0,10.0,M,0.0
4833cbd13b,8329,65.0703125,50.546875,14.5234375,0.0,0,14.5234375,5,0.0,0,d9312a,3,2,on,61.0,21.0,38.0,39.0,19.0,M,22.319606195221514
48fb3da3f4,9215,71.9921875,47.1640625,24.828125,0.0,0,24.828125,4,0.0,0,4ba1d3,3,3,on,71.0,23.0,42.0,,18.0,M,34.4872490504612
49127986f4,6180,48.28125,48.28125,0.0,0.0,0,0.0,0,0.0,0,c8e721,3,3,on,58.0,5.0,21.0,27.0,20.0,F,0.0
497d8e25a5,8608,67.25,67.25,0.0,0.0,0,0.0,0,0.0,0,364459,19,3,on,76.0,7.0,38.0,42.0,13.0,M,0.0
49c65a1828,6907,53.9609375,53.9609375,0.0,0.0,0,0.0,0,0.0,0,59f492,2,3,on,54.0,4.0,15.0,,6.0,F,0.0
49d538084f,5096,39.8125,39.8125,0.0,0.0,0,0.0,0,0.0,0,4ca9b3,2,3,on,74.0,7.0,20.0,32.0,23.0,M,0.0
4ab691fe82,4074,31.828125,31.828125,0.0,0.0,0,0.0,0,0.0,0,f2c8aa,4,2,off,65.0,10.0,43.0,49.0,15.0,M,0.0
4b29421ea1,6178,48.265625,48.265625,0.0,0.0,0,0.0,0,0.0,0,7688c1,4,3,off,71.0,13.0,23.0,30.0,16.0,M,0.0
4c17ea0b75,5190,40.546875,40.546875,0.0,0.0,0,0.0,0,0.0,0,3b2403,13,1,on,51.0,3.0,29.0,37.0,21.0,F,0.0
4c2efc2da7,8501,66.4140625,39.2578125,27.15625,0.0,0,27.15625,1,0.0,0,d9312a,3,2,off,61.0,21.0,38.0,39.0,19.0,M,40.889307140336435
4c4bf44391,6935,54.1796875,54.1796875,0.0,0.0,0,0.0,0,0.0,0,7eb666,3,1,on,73.0,17.0,46.0,45.0,21.0,M,0.0
4c5f64f30e,7252,56.65625,56.65625,0.0,0.0,0,0.0,0,0.0,0,f2c8aa,2,3,on,65.0,10.0,43.0,49.0,15.0,M,0.0
4cbdbfba83,4501,35.1640625,35.1640625,0.0,0.0,0,0.0,0,0.0,0,fa8764,19,2,on,60.0,7.0,30.0,,19.0,F,0.0
4d593f4d56,3447,26.9296875,26.9296875,0.0,0.0,0,0.0,0,0.0,0,6a3e93,13,2,on,69.0,6.0,27.0,30.0,20.0,M,0.0
4d89a40d66,3579,27.9609375,27.9609375,0.0,0.0,0,0.0,0,0.0,0,4ca9b3,3,1,on,74.0,7.0,20.0,32.0,23.0,M,0.0
4dd368b175,4895,38.2421875,38.2421875,0.0,0.0,0,0.0,0,0.0,0,fa8764,13,1,on,60.0,7.0,30.0,,19.0,F,0.0
4ef4e8edef,5709,44.6015625,28.828125,15.7734375,0.0,0,14.6796875,3,1.09375,1,24a59d,3,1,on,77.0,1.0,37.0,39.0,21.0,M,35.36521282186022
4f619d853b,12558,98.109375,91.1171875,6.9921875,0.0,0,3.9140625,2,3.078125,1,f62eec,3,3,on,71.0,10.0,42.0,,24.0,M,7.126931039974518
4fc770cc6c,3985,31.1328125,31.1328125,0.0,0.0,0,0.0,0,0.0,0,f2c8aa,5,1,on,65.0,10.0,43.0,49.0,15.0,M,0.0
4fd1175cbd,6318,49.359375,49.359375,0.0,0.0,0,0.0,0,0.0,0,07285e,19,3,off,58.0,1.0,18.0,26.0,10.0,M,0.0
50844211cc,5606,43.796875,43.796875,0.0,0.0,0,0.0,0,0.0,0,4bb5d0,3,2,on,80.0,16.0,38.0,,21.0,M,0.0
50cfc93d8a,6267,48.9609375,48.9609375,0.0,0.0,0,0.0,0,0.0,0,3b2b7a,3,3,on,52.0,4.0,16.0,27.0,16.0,M,0.0
5150b34bef,6284,49.09375,46.7734375,2.3203125,0.0,0,2.3203125,1,0.0,0,f686f0,2,2,on,61.0,7.0,44.0,,24.0,M,4.726288987905792
51a2c7f2cc,5354,41.828125,41.828125,0.0,0.0,0,0.0,0,0.0,0,07285e,2,1,off,58.0,1.0,18.0,26.0,10.0,M,0.0
51c15f0850,10340,80.78125,75.5859375,5.1953125,1.1953125,1,4.0,1,0.0,0,f62eec,4,3,on,71.0,10.0,42.0,,24.0,M,6.431334622823985
5251363635,7467,58.3359375,31.421875,26.9140625,3.1171875,1,23.796875,3,0.0,0,24a59d,3,2,on,77.0,1.0,37.0,39.0,21.0,M,46.13633319941074
53397c05db,5017,39.1953125,26.828125,12.3671875,0.0,0,12.3671875,2,0.0,0,2c98f7,2,2,off,73.0,1.0,30.0,32.0,20.0,M,31.552720749451865
5351cd8efe,5235,40.8984375,40.8984375,0.0,0.0,0,0.0,0,0.0,0,4b39ac,19,1,off,67.0,10.0,45.0,72.0,13.0,M,0.0
53e0167d78,5068,39.59375,24.9921875,14.6015625,0.0,0,14.6015625,1,0.0,0,a03db7,4,3,off,56.0,11.0,27.0,55.0,19.0,M,36.87845303867403
5419062198,3981,31.1015625,31.1015625,0.0,0.0,0,0.0,0,0.0,0,31d269,5,1,off,72.0,22.0,39.0,65.0,13.0,M,0.0
54196d8a97,4778,37.328125,37.328125,0.0,0.0,0,0.0,0,0.0,0,251738,5,3,on,70.0,10.0,36.0,43.0,0.0,M,0.0
5436d733da,5203,40.6484375,40.6484375,0.0,0.0,0,0.0,0,0.0,0,f2c8aa,5,1,off,65.0,10.0,43.0,49.0,15.0,M,0.0
54ac78a467,7662,59.859375,45.75,14.109375,1.4375,1,12.671875,3,0.0,0,231c3b,4,3,off,67.0,12.0,27.0,28.0,19.0,M,23.570869224745497
54d1f4eece,9560,74.6875,74.6875,0.0,0.0,0,0.0,0,0.0,0,f2c8aa,2,3,off,65.0,10.0,43.0,49.0,15.0,M,0.0
54dca4db7e,4053,31.6640625,30.5078125,1.15625,0.0,0,1.15625,1,0.0,0,251738,4,1,on,70.0,10.0,36.0,43.0,0.0,M,3.6516160868492475
550185d2ac,6429,50.2265625,50.2265625,0.0,0.0,0,0.0,0,0.0,0,3b2b7a,4,3,on,52.0,4.0,16.0,27.0,16.0,M,0.0
5520be65e1,5268,41.15625,41.15625,0.0,0.0,0,0.0,0,0.0,0,54ee6e,2,1,on,70.0,10.0,27.0,50.0,20.0,F,0.0
5689675f78,7951,62.1171875,48.1796875,13.9375,0.0,0,13.9375,3,0.0,0,f686f0,5,3,on,61.0,7.0,44.0,,24.0,M,22.437429254181865
56965f50de,4546,35.515625,35.515625,0.0,0.0,0,0.0,0,0.0,0,07285e,13,1,off,58.0,1.0,18.0,26.0,10.0,M,0.0
56f23c15f6,9018,70.453125,53.6484375,16.8046875,6.640625,1,10.1640625,4,0.0,0,b19f77,19,2,on,82.0,15.0,54.0,68.0,21.0,F,23.852295409181636
57c92c24bd,6208,48.5,48.5,0.0,0.0,0,0.0,0,0.0,0,743f4e,13,1,on,73.0,7.0,20.0,,12.0,F,0.0
5802c5a8e0,5791,45.2421875,45.2421875,0.0,0.0,0,0.0,0,0.0,0,743f4e,2,1,on,73.0,7.0,20.0,,12.0,F,0.0
58b1cb50ad,6425,50.1953125,50.1953125,0.0,0.0,0,0.0,0,0.0,0,c95ab0,13,1,on,77.0,4.0,41.0,44.0,20.0,M,0.0
58cca14e42,7753,60.5703125,47.7734375,12.796875,0.0,0,12.796875,3,0.0,0,231c3b,4,3,on,67.0,12.0,27.0,28.0,19.0,M,21.1273055591384
59164e2d71,4389,34.2890625,34.2890625,0.0,0.0,0,0.0,0,0.0,0,31d269,4,3,on,72.0,22.0,39.0,65.0,13.0,M,0.0
592c68a233,4473,34.9453125,34.9453125,0.0,0.0,0,0.0,0,0.0,0,d8836b,19,2,off,75.0,9.0,43.0,46.0,20.0,M,0.0
59ba5bdf07,10501,82.0390625,82.0390625,0.0,0.0,0,0.0,0,0.0,0,19ea47,13,2,on,68.0,4.0,72.0,,21.0,M,0.0
59c2a2e1ed,6029,47.1015625,41.015625,6.0859375,0.0,0,6.0859375,3,0.0,0,31d269,4,3,off,72.0,22.0,39.0,65.0,13.0,M,12.920882401724995
59e051f322,5375,41.9921875,41.7109375,0.28125,0.28125,1,0.0,0,0.0,0,c8e721,2,3,on,58.0,5.0,21.0,27.0,20.0,F,0.6697674418604651
5a321dde31,7435,58.0859375,58.0859375,0.0,0.0,0,0.0,0,0.0,0,4dc2f8,2,3,off,68.0,9.0,17.0,15.0,15.0,F,0.0
5a6ea14701,4856,37.9375,37.9375,0.0,0.0,0,0.0,0,0.0,0,4dc2f8,3,2,off,68.0,9.0,17.0,15.0,15.0,F,0.0
5a70242f37,8816,68.875,67.2734375,1.6015625,0.0,0,1.6015625,1,0.0,0,bc3908,4,2,on,81.0,10.0,67.0,69.0,21.0,F,2.3253176043557167
5abdbd0aa6,8239,64.3671875,51.859375,12.5078125,0.0,0,12.5078125,4,0.0,0,48fd62,13,1,on,81.0,1.0,42.0,30.0,16.0,M,19.43196989925962
5af4a049fe,7551,58.9921875,55.4765625,3.515625,0.0,0,3.515625,1,0.0,0,3b2b7a,4,2,off,52.0,4.0,16.0,27.0,16.0,M,5.959475566150179
5b7b027222,5793,45.2578125,45.2578125,0.0,0.0,0,0.0,0,0.0,0,3b2b7a,5,3,on,52.0,4.0,16.0,27.0,16.0,M,0.0
5bb7bbd72e,4332,33.84375,33.84375,0.0,0.0,0,0.0,0,0.0,0,31d269,4,1,off,72.0,22.0,39.0,65.0,13.0,M,0.0
5c42b4b463,11024,86.125,86.125,0.0,0.0,0,0.0,0,0.0,0,19ea47,2,2,on,68.0,4.0,72.0,,21.0,M,0.0
5c5e0aa56d,6901,53.9140625,53.9140625,0.0,0.0,0,0.0,0,0.0,0,3b2403,19,2,on,51.0,3.0,29.0,37.0,21.0,F,0.0
5d072b9006,9845,76.9140625,46.0390625,30.875,0.0,0,30.875,2,0.0,0,b19f77,20,1,on,82.0,15.0,54.0,68.0,21.0,F,40.142204164550535
5d2e5dd284,7126,55.671875,40.8984375,14.7734375,0.0,0,14.7734375,4,0.0,0,8db7dd,4,3,off,66.0,9.0,38.0,45.0,13.0,M,26.53662643839461
5d30c100f8,3704,28.9375,28.9375,0.0,0.0,0,0.0,0,0.0,0,301ada,19,1,on,70.0,14.0,15.0,,17.0,M,0.0
5d320ade20,9425,73.6328125,70.671875,2.9609375,0.0,0,2.9609375,1,0.0,0,242a3e,2,3,off,67.0,19.0,48.0,51.0,18.0,M,4.021220159151194
5de8841bc5,4871,38.0546875,38.0546875,0.0,0.0,0,0.0,0,0.0,0,07285e,20,2,off,58.0,1.0,18.0,26.0,10.0,M,0.0
5e83737ac5,11700,91.40625,91.40625,0.0,0.0,0,0.0,0,0.0,0,312788,19,2,on,79.0,6.0,44.0,,22.0,F,0.0
5eb82b4da9,5087,39.7421875,38.8203125,0.921875,0.921875,1,0.0,0,0.0,0,54ee6e,2,2,on,70.0,10.0,27.0,50.0,20.0,F,2.3196382936897977
5f37312a3d,9295,72.6171875,72.6171875,0.0,0.0,0,0.0,0,0.0,0,3b2403,19,3,on,51.0,3.0,29.0,37.0,21.0,F,0.0
5f889bc0cc,6395,49.9609375,49.9609375,0.0,0.0,0,0.0,0,0.0,0,69cc45,13,3,on,68.0,14.0,47.0,91.0,21.0,M,0.0
5f8fbc33f9,5628,43.96875,40.109375,3.859375,0.0,0,3.859375,1,0.0,0,4ba1d3,4,1,on,71.0,23.0,42.0,,18.0,M,8.777540867093107
5f90af1a78,11854,92.609375,90.1640625,2.4453125,0.0,0,0.0,0,2.4453125,1,bc3908,3,2,off,81.0,10.0,67.0,69.0,21.0,F,2.640458916821326
5ff654941a,7020,54.84375,51.921875,2.921875,0.0,0,2.921875,2,0.0,0,66341b,2,2,on,78.0,10.0,46.0,47.0,19.0,M,5.327635327635328
60d941bacd,6022,47.046875,47.046875,0.0,0.0,0,0.0,0,0.0,0,e9fc55,13,1,on,64.0,6.0,36.0,,17.0,M,0.0
6107a9ab61,4762,37.203125,37.0234375,0.1796875,0.0,0,0.0,0,0.1796875,1,c8e721,2,2,off,58.0,5.0,21.0,27.0,20.0,F,0.48299034019319614
61180d1e96,5173,40.4140625,40.4140625,0.0,0.0,0,0.0,0,0.0,0,07285e,2,2,off,58.0,1.0,18.0,26.0,10.0,M,0.0
616371ed4d,7109,55.5390625,50.578125,4.9609375,0.0,0,2.0859375,1,2.875,1,220a17,3,3,off,63.0,14.0,32.0,38.0,18.0,M,8.932339288226192
64dec54859,4598,35.921875,33.4375,2.484375,0.0,0,2.484375,2,0.0,0,8db7dd,4,2,on,66.0,9.0,38.0,45.0,13.0,M,6.916050456720313
64e69dbfab,4945,38.6328125,35.2734375,3.359375,0.0,0,3.359375,1,0.0,0,4dc2f8,2,1,on,68.0,9.0,17.0,15.0,15.0,F,8.695652173913043
662113c140,5000,39.0625,39.0625,0.0,0.0,0,0.0,0,0.0,0,f2c8aa,4,1,off,65.0,10.0,43.0,49.0,15.0,M,0.0
6670936848,13918,108.734375,27.5390625,81.1953125,1.203125,1,70.78125,3,9.2109375,3,79011a,3,2,on,73.0,7.0,37.0,46.0,20.0,M,74.67308521339272
6674377054,9282,72.515625,54.328125,18.1875,0.0,0,18.1875,5,0.0,0,242a3e,4,3,off,67.0,19.0,48.0,51.0,18.0,M,25.080801551389786
6698568138,15307,119.5859375,21.5859375,98.0,0.0,0,91.3203125,3,6.6796875,1,a03db7,5,3,off,56.0,11.0,27.0,55.0,19.0,M,81.94943489906579
67624d0d1c,5441,42.5078125,23.3125,19.1953125,0.0,0,19.1953125,3,0.0,0,2c98f7,4,3,off,73.0,1.0,30.0,32.0,20.0,M,45.15714023157508
67c9018b72,10701,83.6015625,67.2890625,16.3125,0.0,0,16.3125,5,0.0,0,f62eec,5,1,on,71.0,10.0,42.0,,24.0,M,19.51219512195122
685a08f19d,11210,87.578125,80.6640625,6.9140625,0.0,0,6.9140625,1,0.0,0,e8919c,13,3,on,94.0,8.0,42.0,,25.0,M,7.894736842105263
68d73217a2,10456,81.6875,79.4453125,2.2421875,0.0,0,2.2421875,1,0.0,0,66341b,4,3,on,78.0,10.0,46.0,47.0,19.0,M,2.7448355011476666
68dd960102,3884,30.34375,28.8671875,1.4765625,0.0,0,1.4765625,2,0.0,0,2a39f8,4,2,on,67.0,6.0,16.0,61.0,21.0,M,4.866117404737384
68de59be7e,3997,31.2265625,30.46875,0.7578125,0.0,0,0.7578125,1,0.0,0,4ca9b3,2,2,on,74.0,7.0,20.0,32.0,23.0,M,2.426820115086315
690030e376,3406,26.609375,24.96875,1.640625,0.0,0,1.640625,2,0.0,0,2a39f8,5,3,on,67.0,6.0,16.0,61.0,21.0,M,6.165590135055784
692e9e05ef,9719,75.9296875,52.046875,23.8828125,2.765625,1,3.71875,1,17.3984375,4,4f13b4,2,1,off,68.0,12.0,22.0,39.0,22.0,F,31.45385327708612
6a208e14c8,5726,44.734375,28.75,15.984375,0.0,0,15.984375,2,0.0,0,93f49f,2,1,on,73.0,7.0,49.0,49.0,14.0,M,35.73174991267901
6b2fab3d8e,6834,53.390625,43.109375,10.28125,0.0,0,10.28125,4,0.0,0,31d269,5,3,off,72.0,22.0,39.0,65.0,13.0,M,19.256657887035413
6b6644132d,6116,47.78125,44.8984375,2.8828125,0.0,0,2.8828125,2,0.0,0,516a67,2,3,off,68.0,11.0,24.0,28.0,12.0,M,6.033355134074559
6d9b1fc826,7536,58.875,45.8046875,13.0703125,5.15625,1,0.0,0,7.9140625,3,4f13b4,3,3,on,68.0,12.0,22.0,39.0,22.0,F,22.200106157112526
6dc32464d9,5253,41.0390625,41.0390625,0.0,0.0,0,0.0,0,0.0,0,242a3e,5,1,off,67.0,19.0,48.0,51.0,18.0,M,0.0
6e05dd955f,7903,61.7421875,58.2578125,3.484375,0.0,0,3.484375,2,0.0,0,93f49f,13,2,on,73.0,7.0,49.0,49.0,14.0,M,5.6434265468809315
6e22817d93,5110,39.921875,35.125,4.796875,0.0,0,4.796875,1,0.0,0,9f85da,2,2,on,71.0,17.0,42.0,,21.0,M,12.015655577299412
6e258d0083,9042,70.640625,70.640625,0.0,0.0,0,0.0,0,0.0,0,3b2403,19,2,off,51.0,3.0,29.0,37.0,21.0,F,0.0
6e6ad18f5e,6580,51.40625,51.40625,0.0,0.0,0,0.0,0,0.0,0,242a3e,5,3,on,67.0,19.0,48.0,51.0,18.0,M,0.0
6f4013fb72,5605,43.7890625,43.7890625,0.0,0.0,0,0.0,0,0.0,0,4dc2f8,3,3,off,68.0,9.0,17.0,15.0,15.0,F,0.0
6fb2cba36f,5507,43.0234375,43.0234375,0.0,0.0,0,0.0,0,0.0,0,69cc45,19,2,on,68.0,14.0,47.0,91.0,21.0,M,0.0
70b291ba2d,6892,53.84375,47.640625,6.203125,0.0,0,6.203125,2,0.0,0,93f49f,13,1,on,73.0,7.0,49.0,49.0,14.0,M,11.520603598374928
71655655a0,5188,40.53125,40.53125,0.0,0.0,0,0.0,0,0.0,0,e9fc55,20,3,on,64.0,6.0,36.0,,17.0,M,0.0
71bc892dd5,10372,81.03125,76.3515625,4.6796875,2.359375,1,2.3203125,1,0.0,0,220a17,2,3,off,63.0,14.0,32.0,38.0,18.0,M,5.7751639028152715
7263d0d3f4,7426,58.015625,58.015625,0.0,0.0,0,0.0,0,0.0,0,312788,20,2,on,79.0,6.0,44.0,,22.0,F,0.0
72ee9432a7,4252,33.21875,33.21875,0.0,0.0,0,0.0,0,0.0,0,fa8764,20,1,on,60.0,7.0,30.0,,19.0,F,0.0
7411f3df87,8759,68.4296875,59.8359375,8.59375,0.0,0,8.59375,3,0.0,0,4ba1d3,2,1,on,71.0,23.0,42.0,,18.0,M,12.558511245575978
74239820d4,4558,35.609375,33.0078125,2.6015625,0.0,0,2.6015625,1,0.0,0,4b39ac,13,1,off,67.0,10.0,45.0,72.0,13.0,M,7.305835892935498
74de894ecf,5961,46.5703125,41.3984375,5.171875,0.0,0,4.75,4,0.421875,1,c8e721,2,3,off,58.0,5.0,21.0,27.0,20.0,F,11.105519208186546
758ddee3f7,4748,37.09375,30.1796875,6.9140625,0.0,0,6.9140625,3,0.0,0,231c3b,4,1,off,67.0,12.0,27.0,28.0,19.0,M,18.63942712721146
75a99f625c,5918,46.234375,46.234375,0.0,0.0,0,0.0,0,0.0,0,d8836b,20,3,off,75.0,9.0,43.0,46.0,20.0,M,0.0
75acd95f9f,5149,40.2265625,24.0234375,16.203125,0.0,0,16.203125,1,0.0,0,2c98f7,4,2,off,73.0,1.0,30.0,32.0,20.0,M,40.27966595455428
763886fb4d,7808,61.0,54.625,6.375,0.0,0,6.375,2,0.0,0,7fcee9,13,3,off,65.0,22.0,44.0,36.0,10.0,M,10.450819672131148
76c215b221,5677,44.3515625,26.7109375,17.640625,0.0,0,17.640625,2,0.0,0,2c98f7,2,3,on,73.0,1.0,30.0,32.0,20.0,M,39.77452880042276
7730ce958c,4560,35.625,35.625,0.0,0.0,0,0.0,0,0.0,0,251738,3,2,on,70.0,10.0,36.0,43.0,0.0,M,0.0
782b53bb44,4185,32.6953125,32.6953125,0.0,0.0,0,0.0,0,0.0,0,251738,4,2,on,70.0,10.0,36.0,43.0,0.0,M,0.0
7845e3a26f,6623,51.7421875,45.984375,5.7578125,0.0,0,5.7578125,3,0.0,0,31d269,2,2,off,72.0,22.0,39.0,65.0,13.0,M,11.127887664200513
788e2690f7,5447,42.5546875,39.0703125,3.484375,0.0,0,3.484375,2,0.0,0,4b39ac,13,2,off,67.0,10.0,45.0,72.0,13.0,M,8.187993390857352
78a2ed2542,7012,54.78125,54.78125,0.0,0.0,0,0.0,0,0.0,0,4b39ac,20,3,off,67.0,10.0,45.0,72.0,13.0,M,0.0
78bb81a6ff,4881,38.1328125,38.1328125,0.0,0.0,0,0.0,0,0.0,0,07285e,19,2,off,58.0,1.0,18.0,26.0,10.0,M,0.0
78fa1f862a,3624,28.3125,28.3125,0.0,0.0,0,0.0,0,0.0,0,4ca9b3,3,2,on,74.0,7.0,20.0,32.0,23.0,M,0.0
7912f48748,5730,44.765625,36.2890625,8.4765625,0.0,0,8.4765625,1,0.0,0,a03db7,4,1,off,56.0,11.0,27.0,55.0,19.0,M,18.93542757417103
7921579063,3818,29.828125,29.828125,0.0,0.0,0,0.0,0,0.0,0,2a39f8,3,1,on,67.0,6.0,16.0,61.0,21.0,M,0.0
79568b8e25,6475,50.5859375,50.5859375,0.0,0.0,0,0.0,0,0.0,0,07285e,20,3,on,58.0,1.0,18.0,26.0,10.0,M,0.0
79b7e8af74,4582,35.796875,35.796875,0.0,0.0,0,0.0,0,0.0,0,231c3b,3,2,on,67.0,12.0,27.0,28.0,19.0,M,0.0
79cceae896,9698,75.765625,75.765625,0.0,0.0,0,0.0,0,0.0,0,7fcee9,13,1,off,65.0,22.0,44.0,36.0,10.0,M,0.0
7a01af7b19,9945,77.6953125,77.6953125,0.0,0.0,0,0.0,0,0.0,0,e39bc5,2,1,on,63.0,14.0,56.0,,26.0,M,0.0
7a17d4db85,11278,88.109375,73.6640625,14.4453125,0.0,0,14.4453125,5,0.0,0,4ba1d3,2,2,on,71.0,23.0,42.0,,18.0,M,16.394750842347936
7a2919449b,5294,41.359375,41.359375,0.0,0.0,0,0.0,0,0.0,0,7688c1,4,2,on,71.0,13.0,23.0,30.0,16.0,M,0.0
7c5a6ee140,5619,43.8984375,43.8984375,0.0,0.0,0,0.0,0,0.0,0,fa8764,2,3,on,60.0,7.0,30.0,,19.0,F,0.0
7c6947deac,8422,65.796875,65.796875,0.0,0.0,0,0.0,0,0.0,0,3b2403,13,3,on,51.0,3.0,29.0,37.0,21.0,F,0.0
7ce3dab2ca,6225,48.6328125,48.6328125,0.0,0.0,0,0.0,0,0.0,0,220a17,2,1,off,63.0,14.0,32.0,38.0,18.0,M,0.0
7ced411c1b,6003,46.8984375,46.8984375,0.0,0.0,0,0.0,0,0.0,0,eeaff0,4,1,on,75.0,10.0,36.0,,19.0,M,0.0
7d234837b6,3922,30.640625,30.640625,0.0,0.0,0,0.0,0,0.0,0,31d269,3,2,on,72.0,22.0,39.0,65.0,13.0,M,0.0
7d42d53fdd,14337,112.0078125,45.4140625,66.59375,10.1640625,1,56.4296875,3,0.0,0,b19f77,2,3,on,82.0,15.0,54.0,68.0,21.0,F,59.454558136290714
7d6a7ad9ec,4318,33.734375,33.734375,0.0,0.0,0,0.0,0,0.0,0,07285e,20,1,off,58.0,1.0,18.0,26.0,10.0,M,0.0
7d7c4e6da1,7171,56.0234375,54.1796875,1.84375,0.0,0,1.84375,1,0.0,0,bc3908,3,1,on,81.0,10.0,67.0,69.0,21.0,F,3.291033328684981
7da39fd09f,14697,114.8203125,114.8203125,0.0,0.0,0,0.0,0,0.0,0,02bc69,2,3,on,69.0,4.0,21.0,,22.0,M,0.0
7e77e9d2b1,7005,54.7265625,54.7265625,0.0,0.0,0,0.0,0,0.0,0,d8836b,13,3,on,75.0,9.0,43.0,46.0,20.0,M,0.0
7e95883819,9793,76.5078125,63.46875,13.0390625,0.0,0,13.0390625,1,0.0,0,242a3e,2,3,on,67.0,19.0,48.0,51.0,18.0,M,17.042785663228837
7e96643c9e,3606,28.171875,28.171875,0.0,0.0,0,0.0,0,0.0,0,c8e721,5,1,on,58.0,5.0,21.0,27.0,20.0,F,0.0
7ebad45aec,6125,47.8515625,41.53125,6.3203125,0.0,0,6.3203125,1,0.0,0,a80ae4,2,2,on,67.0,5.0,30.0,,24.0,M,13.208163265306123
7f053de59b,7051,55.0859375,53.90625,1.1796875,0.0,0,1.1796875,1,0.0,0,66341b,2,2,off,78.0,10.0,46.0,47.0,19.0,M,2.1415402070628278
7f12b7cea1,7648,59.75,42.90625,16.84375,0.0,0,16.84375,2,0.0,0,c7fee4,2,1,on,80.0,12.0,52.0,,12.0,M,28.190376569037657
7f8593c37e,4849,37.8828125,22.3671875,15.515625,0.0,0,15.515625,2,0.0,0,2c98f7,2,1,off,73.0,1.0,30.0,32.0,20.0,M,40.95689832955249
7f8f89e7c2,4931,38.5234375,38.5234375,0.0,0.0,0,0.0,0,0.0,0,07285e,13,2,on,58.0,1.0,18.0,26.0,10.0,M,0.0
7fb91164ad,9938,77.640625,44.4375,33.203125,0.765625,1,28.1171875,5,4.3203125,1,c8e721,5,3,off,58.0,5.0,21.0,27.0,20.0,F,42.76514389213121
80f00a451b,8597,67.1640625,57.5625,9.6015625,0.0,0,9.6015625,4,0.0,0,66341b,3,2,off,78.0,10.0,46.0,47.0,19.0,M,14.295684541118995
80f16e5a6b,4663,36.4296875,36.4296875,0.0,0.0,0,0.0,0,0.0,0,7fcee9,13,2,on,65.0,22.0,44.0,36.0,10.0,M,0.0
81262644e7,10031,78.3671875,50.9453125,27.421875,6.21875,2,19.046875,2,2.15625,1,b19f77,19,1,on,82.0,15.0,54.0,68.0,21.0,F,34.99152626856744
8126370646,13944,108.9375,56.5234375,52.4140625,15.8359375,1,10.5390625,2,26.0390625,4,4f13b4,2,3,off,68.0,12.0,22.0,39.0,22.0,F,48.11388410786001
812b0a859f,5579,43.5859375,43.5859375,0.0,0.0,0,0.0,0,0.0,0,7fcee9,19,2,off,65.0,22.0,44.0,36.0,10.0,M,0.0
815e35d610,8071,63.0546875,63.0546875,0.0,0.0,0,0.0,0,0.0,0,87174c,4,1,off,65.0,4.0,35.0,41.0,19.0,M,0.0
8196d58a0b,7025,54.8828125,46.0859375,8.796875,0.0,0,8.796875,1,0.0,0,231c3b,3,3,on,67.0,12.0,27.0,28.0,19.0,M,16.02846975088968
8229541018,7121,55.6328125,55.6328125,0.0,0.0,0,0.0,0,0.0,0,eeaff0,3,2,on,75.0,10.0,36.0,,19.0,M,0.0
823a949667,3031,23.6796875,23.6796875,0.0,0.0,0,0.0,0,0.0,0,301ada,13,3,on,70.0,14.0,15.0,,17.0,M,0.0
826fc99615,5028,39.28125,34.59375,4.6875,0.0,0,4.6875,2,0.0,0,231c3b,4,2,on,67.0,12.0,27.0,28.0,19.0,M,11.933174224343675
827fff250f,8257,64.5078125,37.140625,27.3671875,0.8828125,1,26.484375,2,0.0,0,a03db7,3,1,off,56.0,11.0,27.0,55.0,19.0,M,42.42460942230834
82fc8e0363,6389,49.9140625,49.9140625,0.0,0.0,0,0.0,0,0.0,0,3b2b7a,5,2,off,52.0,4.0,16.0,27.0,16.0,M,0.0
8343346bc8,6137,47.9453125,47.9453125,0.0,0.0,0,0.0,0,0.0,0,7fcee9,20,3,off,65.0,22.0,44.0,36.0,10.0,M,0.0
83c2a31635,15682,122.515625,34.203125,88.3125,0.0,0,88.3125,2,0.0,0,4ca9b3,3,3,off,74.0,7.0,20.0,32.0,23.0,M,72.08264252008672
83ce03ef33,9153,71.5078125,64.7890625,6.71875,0.0,0,6.71875,3,0.0,0,220a17,2,2,off,63.0,14.0,32.0,38.0,18.0,M,9.395826504971048
84097a9565,5311,41.4921875,41.4921875,0.0,0.0,0,0.0,0,0.0,0,7688c1,5,1,on,71.0,13.0,23.0,30.0,16.0,M,0.0
84cab06676,5322,41.578125,41.578125,0.0,0.0,0,0.0,0,0.0,0,c8e721,2,2,on,58.0,5.0,21.0,27.0,20.0,F,0.0
851ad1ba6a,8839,69.0546875,44.6171875,24.4375,0.0,0,24.4375,6,0.0,0,d9312a,3,1,on,61.0,21.0,38.0,39.0,19.0,M,35.38861862201607
8522292a1b,6929,54.1328125,44.453125,9.6796875,0.0,0,9.6796875,4,0.0,0,743f4e,13,2,on,73.0,7.0,20.0,,12.0,F,17.881368162794054
85f362fc85,5677,44.3515625,44.3515625,0.0,0.0,0,0.0,0,0.0,0,87174c,3,2,off,65.0,4.0,35.0,41.0,19.0,M,0.0
860f97c462,8769,68.5078125,58.625,9.8828125,0.0,0,9.8828125,2,0.0,0,220a17,2,3,on,63.0,14.0,32.0,38.0,18.0,M,14.425818223286578
863046ffb0,3767,29.4296875,29.4296875,0.0,0.0,0,0.0,0,0.0,0,2a39f8,5,1,on,67.0,6.0,16.0,61.0,21.0,M,0.0
86483f0bda,5519,43.1171875,43.1171875,0.0,0.0,0,0.0,0,0.0,0,4dc2f8,4,2,off,68.0,9.0,17.0,15.0,15.0,F,0.0
867e5f1732,6446,50.359375,50.359375,0.0,0.0,0,0.0,0,0.0,0,c8e721,4,2,off,58.0,5.0,21.0,27.0,20.0,F,0.0
871ec2f5cd,4713,36.8203125,36.8203125,0.0,0.0,0,0.0,0,0.0,0,c8e721,3,1,off,58.0,5.0,21.0,27.0,20.0,F,0.0
87299da5f6,4341,33.9140625,33.9140625,0.0,0.0,0,0.0,0,0.0,0,31d269,2,3,on,72.0,22.0,39.0,65.0,13.0,M,0.0
872d5c520c,7629,59.6015625,53.359375,6.2421875,0.0,0,6.2421875,4,0.0,0,66341b,4,1,on,78.0,10.0,46.0,47.0,19.0,M,10.473194389828286
87511e3634,3301,25.7890625,25.7890625,0.0,0.0,0,0.0,0,0.0,0,6a3e93,2,2,on,69.0,6.0,27.0,30.0,20.0,M,0.0
8797749a82,4486,35.046875,35.046875,0.0,0.0,0,0.0,0,0.0,0,fa8764,2,1,on,60.0,7.0,30.0,,19.0,F,0.0
8809a076c6,5908,46.15625,46.15625,0.0,0.0,0,0.0,0,0.0,0,54ee6e,2,3,on,70.0,10.0,27.0,50.0,20.0,F,0.0
881cd3a17e,9925,77.5390625,61.0234375,16.515625,0.0,0,16.515625,4,0.0,0,f62eec,2,1,on,71.0,10.0,42.0,,24.0,M,21.299748110831235
883f0760eb,12112,94.625,54.71875,39.90625,0.0,0,39.90625,11,0.0,0,8db7dd,2,3,off,66.0,9.0,38.0,45.0,13.0,M,42.173051519154555
88834994d3,4893,38.2265625,38.2265625,0.0,0.0,0,0.0,0,0.0,0,4b39ac,20,2,on,67.0,10.0,45.0,72.0,13.0,M,0.0
88962b12d0,3786,29.578125,29.578125,0.0,0.0,0,0.0,0,0.0,0,251738,4,1,off,70.0,10.0,36.0,43.0,0.0,M,0.0
88a2d1dafb,4384,34.25,32.5,1.75,0.0,0,1.75,2,0.0,0,2a39f8,4,3,on,67.0,6.0,16.0,61.0,21.0,M,5.109489051094891
88d3c2b077,5073,39.6328125,39.6328125,0.0,0.0,0,0.0,0,0.0,0,8db7dd,4,3,on,66.0,9.0,38.0,45.0,13.0,M,0.0
890722a582,9119,71.2421875,71.2421875,0.0,0.0,0,0.0,0,0.0,0,c95ab0,19,3,on,77.0,4.0,41.0,44.0,20.0,M,0.0
89296724a1,11884,92.84375,41.375,51.46875,0.0,0,51.46875,3,0.0,0,d9312a,3,3,off,61.0,21.0,38.0,39.0,19.0,M,55.43588017502525
8969714d63,12813,100.1015625,62.34375,37.7578125,10.8359375,1,10.046875,5,16.875,2,4f13b4,3,3,off,68.0,12.0,22.0,39.0,22.0,F,37.71950362912667
897c70f17f,13001,101.5703125,63.2890625,38.28125,0.0,0,38.28125,3,0.0,0,31d269,3,3,off,72.0,22.0,39.0,65.0,13.0,M,37.68940850703792
8a2c799b6c,3322,25.953125,25.953125,0.0,0.0,0,0.0,0,0.0,0,a03db7,4,2,on,56.0,11.0,27.0,55.0,19.0,M,0.0
8a5ba92c2e,9831,76.8046875,76.8046875,0.0,0.0,0,0.0,0,0.0,0,d9312a,2,3,on,61.0,21.0,38.0,39.0,19.0,M,0.0
8a7dfbbead,3882,30.328125,30.328125,0.0,0.0,0,0.0,0,0.0,0,251738,2,1,on,70.0,10.0,36.0,43.0,0.0,M,0.0
8a9e3f8d42,4454,34.796875,34.796875,0.0,0.0,0,0.0,0,0.0,0,6a3e93,13,3,on,69.0,6.0,27.0,30.0,20.0,M,0.0
8b00ba8eff,4460,34.84375,26.40625,8.4375,0.0,0,8.4375,2,0.0,0,a03db7,2,1,off,56.0,11.0,27.0,55.0,19.0,M,24.2152466367713
8b1a2004f3,5689,44.4453125,44.4453125,0.0,0.0,0,0.0,0,0.0,0,eeaff0,2,1,on,75.0,10.0,36.0,,19.0,M,0.0
8b7447aec8,8007,62.5546875,47.1484375,15.40625,0.0,0,15.40625,2,0.0,0,231c3b,3,3,off,67.0,12.0,27.0,28.0,19.0,M,24.628450106157114
8ba2ef6970,4771,37.2734375,37.2734375,0.0,0.0,0,0.0,0,0.0,0,d8836b,19,1,off,75.0,9.0,43.0,46.0,20.0,M,0.0
8be08b9a99,4004,31.28125,31.28125,0.0,0.0,0,0.0,0,0.0,0,c85fdf,3,1,off,65.0,10.0,30.0,33.0,22.0,M,0.0
8be4dbd97d,8511,66.4921875,58.59375,7.8984375,7.8984375,1,0.0,0,0.0,0,4f13b4,2,2,off,68.0,12.0,22.0,39.0,22.0,F,11.878745153330984
8be5450d74,6290,49.140625,41.5,7.640625,0.0,0,7.640625,2,0.0,0,231c3b,5,3,on,67.0,12.0,27.0,28.0,19.0,M,15.548489666136724
8c149c4de4,10071,78.6796875,59.5390625,19.140625,3.3203125,1,15.8203125,2,0.0,0,9f85da,2,3,on,71.0,17.0,42.0,,21.0,M,24.3272763380002
8c2be63bd3,8229,64.2890625,56.3359375,7.953125,0.9140625,1,7.0390625,3,0.0,0,4bb5d0,2,2,on,80.0,16.0,38.0,,21.0,M,12.370883460930854
8d0134358e,6051,47.2734375,43.578125,3.6953125,0.0,0,3.6953125,2,0.0,0,220a17,4,1,off,63.0,14.0,32.0,38.0,18.0,M,7.816889770285903
8d38d37713,5852,45.71875,45.71875,0.0,0.0,0,0.0,0,0.0,0,364459,19,1,on,76.0,7.0,38.0,42.0,13.0,M,0.0
8d8de93ca4,9926,77.546875,77.546875,0.0,0.0,0,0.0,0,0.0,0,eeaff0,2,3,on,75.0,10.0,36.0,,19.0,M,0.0
8dd94ab27e,5378,42.015625,42.015625,0.0,0.0,0,0.0,0,0.0,0,364459,20,1,on,76.0,7.0,38.0,42.0,13.0,M,0.0
8e238ae8e8,6710,52.421875,52.421875,0.0,0.0,0,0.0,0,0.0,0,eeaff0,2,2,on,75.0,10.0,36.0,,19.0,M,0.0
8ea486ad59,10658,83.265625,50.5859375,32.6796875,0.0,0,32.6796875,2,0.0,0,af82b2,5,1,on,76.0,5.0,41.0,,20.0,M,39.247513604803906
8ea9d29cc4,3448,26.9375,26.9375,0.0,0.0,0,0.0,0,0.0,0,082f01,4,1,on,64.0,17.0,45.0,57.0,24.0,M,0.0
8ec5220619,4589,35.8515625,35.8515625,0.0,0.0,0,0.0,0,0.0,0,07285e,13,1,on,58.0,1.0,18.0,26.0,10.0,M,0.0
8f2a52c764,2644,20.65625,20.65625,0.0,0.0,0,0.0,0,0.0,0,a03db7,2,1,on,56.0,11.0,27.0,55.0,19.0,M,0.0
8fa81455ee,7421,57.9765625,57.9765625,0.0,0.0,0,0.0,0,0.0,0,4b39ac,20,3,on,67.0,10.0,45.0,72.0,13.0,M,0.0
8fc05fabee,15243,119.0859375,119.0859375,0.0,0.0,0,0.0,0,0.0,0,7eb666,2,3,off,73.0,17.0,46.0,45.0,21.0,M,0.0
903a451fd3,6113,47.7578125,47.7578125,0.0,0.0,0,0.0,0,0.0,0,69cc45,19,3,on,68.0,14.0,47.0,91.0,21.0,M,0.0
905f38ce3c,4420,34.53125,34.53125,0.0,0.0,0,0.0,0,0.0,0,e9fc55,19,1,on,64.0,6.0,36.0,,17.0,M,0.0
90d67b717a,4362,34.078125,34.078125,0.0,0.0,0,0.0,0,0.0,0,7fcee9,2,1,on,65.0,22.0,44.0,36.0,10.0,M,0.0
9131b68d1e,6854,53.546875,29.1875,24.359375,1.0390625,1,23.3203125,1,0.0,0,4ca9b3,3,1,off,74.0,7.0,20.0,32.0,23.0,M,45.49168368835716
9166ea61ac,6849,53.5078125,33.3515625,20.15625,0.0,0,18.671875,4,1.484375,1,24a59d,3,3,off,77.0,1.0,37.0,39.0,21.0,M,37.66973280770915
91990dba8e,4725,36.9140625,36.9140625,0.0,0.0,0,0.0,0,0.0,0,251738,4,3,off,70.0,10.0,36.0,43.0,0.0,M,0.0
920a7a3c65,5545,43.3203125,43.3203125,0.0,0.0,0,0.0,0,0.0,0,d8836b,2,2,on,75.0,9.0,43.0,46.0,20.0,M,0.0
920a828e4d,4587,35.8359375,35.8359375,0.0,0.0,0,0.0,0,0.0,0,251738,4,2,off,70.0,10.0,36.0,43.0,0.0,M,0.0
929ed8bbb0,4348,33.96875,33.96875,0.0,0.0,0,0.0,0,0.0,0,d8836b,20,2,on,75.0,9.0,43.0,46.0,20.0,M,0.0
93d1df5c33,8959,69.9921875,61.2109375,8.78125,0.0,0,8.78125,1,0.0,0,a80ae4,20,3,on,67.0,5.0,30.0,,24.0,M,12.546043085165755
93dc071d54,5021,39.2265625,32.265625,6.9609375,0.0,0,6.9609375,2,0.0,0,231c3b,5,1,off,67.0,12.0,27.0,28.0,19.0,M,17.74546903007369
93f7161ba0,6553,51.1953125,51.1953125,0.0,0.0,0,0.0,0,0.0,0,c95ab0,20,2,on,77.0,4.0,41.0,44.0,20.0,M,0.0
93fe4e47f5,6952,54.3125,54.3125,0.0,0.0,0,0.0,0,0.0,0,69cc45,2,1,on,68.0,14.0,47.0,91.0,21.0,M,0.0
94305d2147,6396,49.96875,47.015625,2.953125,0.0,0,2.953125,2,0.0,0,220a17,3,2,off,63.0,14.0,32.0,38.0,18.0,M,5.909943714821764
9444579a07,9024,70.5,49.3046875,21.1953125,0.0,0,21.1953125,8,0.0,0,8db7dd,5,3,off,66.0,9.0,38.0,45.0,13.0,M,30.06427304964539
94610e41e3,6696,52.3125,52.3125,0.0,0.0,0,0.0,0,0.0,0,e39bc5,13,1,on,63.0,14.0,56.0,,26.0,M,0.0
9497d3c6f1,9190,71.796875,51.9609375,19.8359375,0.0,0,19.8359375,5,0.0,0,d9312a,4,2,off,61.0,21.0,38.0,39.0,19.0,M,27.6278563656148
94d4aedadb,9594,74.953125,58.5859375,16.3671875,1.7265625,1,14.640625,4,0.0,0,af82b2,4,3,on,76.0,5.0,41.0,,20.0,M,21.83656451949135
94e970b1b7,11688,91.3125,71.390625,19.921875,2.28125,1,17.640625,4,0.0,0,f62eec,5,3,on,71.0,10.0,42.0,,24.0,M,21.817248459958932
9531c251ed,4304,33.625,33.625,0.0,0.0,0,0.0,0,0.0,0,4b39ac,2,1,on,67.0,10.0,45.0,72.0,13.0,M,0.0
956d65047a,7875,61.5234375,59.578125,1.9453125,0.0,0,1.9453125,2,0.0,0,66341b,3,1,on,78.0,10.0,46.0,47.0,19.0,M,3.1619047619047618
95c08b411a,3508,27.40625,27.40625,0.0,0.0,0,0.0,0,0.0,0,f686f0,4,2,on,61.0,7.0,44.0,,24.0,M,0.0
95cc52fda3,3521,27.5078125,27.5078125,0.0,0.0,0,0.0,0,0.0,0,251738,3,2,off,70.0,10.0,36.0,43.0,0.0,M,0.0
95f48f9ff5,6553,51.1953125,51.1953125,0.0,0.0,0,0.0,0,0.0,0,3b2403,20,2,on,51.0,3.0,29.0,37.0,21.0,F,0.0
9638608139,6473,50.5703125,50.5703125,0.0,0.0,0,0.0,0,0.0,0,e8919c,2,1,off,94.0,8.0,42.0,,25.0,M,0.0
965edc6cd7,6724,52.53125,31.5,21.03125,0.0,0,21.03125,4,0.0,0,24a59d,2,2,on,77.0,1.0,37.0,39.0,21.0,M,40.03569303985723
9660a58406,3225,25.1953125,25.1953125,0.0,0.0,0,0.0,0,0.0,0,301ada,13,2,on,70.0,14.0,15.0,,17.0,M,0.0
96b981089b,8167,63.8046875,35.203125,28.6015625,0.0,0,28.6015625,2,0.0,0,24a59d,2,3,on,77.0,1.0,37.0,39.0,21.0,M,44.82674176564222
96f502720c,8136,63.5625,61.703125,1.859375,0.0,0,1.859375,1,0.0,0,312788,2,2,on,79.0,6.0,44.0,,22.0,F,2.9252704031465093
976aedad33,5565,43.4765625,43.4765625,0.0,0.0,0,0.0,0,0.0,0,364459,2,2,off,76.0,7.0,38.0,42.0,13.0,M,0.0
97f652eb7a,4856,37.9375,36.65625,1.28125,0.0,0,1.28125,1,0.0,0,251738,3,3,on,70.0,10.0,36.0,43.0,0.0,M,3.3772652388797364
98072612cb,5679,44.3671875,44.3671875,0.0,0.0,0,0.0,0,0.0,0,4dc2f8,2,1,off,68.0,9.0,17.0,15.0,15.0,F,0.0
981b612187,8645,67.5390625,67.5390625,0.0,0.0,0,0.0,0,0.0,0,364459,2,3,on,76.0,7.0,38.0,42.0,13.0,M,0.0
988622d76a,4266,33.328125,32.203125,1.125,0.0,0,1.125,1,0.0,0,c8e721,4,1,off,58.0,5.0,21.0,27.0,20.0,F,3.3755274261603376
98995aca75,12057,94.1953125,89.9140625,4.28125,0.0,0,4.28125,1,0.0,0,bc3908,4,3,off,81.0,10.0,67.0,69.0,21.0,F,4.545077548312184
98c313f19c,4182,32.671875,32.671875,0.0,0.0,0,0.0,0,0.0,0,fa8764,19,1,on,60.0,7.0,30.0,,19.0,F,0.0
98ebb603a3,5811,45.3984375,45.3984375,0.0,0.0,0,0.0,0,0.0,0,7688c1,4,2,off,71.0,13.0,23.0,30.0,16.0,M,0.0
98fad07069,5841,45.6328125,44.796875,0.8359375,0.0,0,0.8359375,1,0.0,0,8db7dd,3,1,on,66.0,9.0,38.0,45.0,13.0,M,1.8318781030645437
9909a2f249,5604,43.78125,42.578125,1.203125,0.0,0,0.0,0,1.203125,1,c8e721,4,3,off,58.0,5.0,21.0,27.0,20.0,F,2.7480371163454675
99603f7011,7550,58.984375,58.984375,0.0,0.0,0,0.0,0,0.0,0,7eb666,4,2,on,73.0,17.0,46.0,45.0,21.0,M,0.0
99e5902ff6,7157,55.9140625,55.9140625,0.0,0.0,0,0.0,0,0.0,0,02bc69,2,2,on,69.0,4.0,21.0,,22.0,M,0.0
9a1b6c719a,3920,30.625,30.625,0.0,0.0,0,0.0,0,0.0,0,301ada,19,2,on,70.0,14.0,15.0,,17.0,M,0.0
9a74e3005d,4698,36.703125,32.78125,3.921875,0.0,0,3.921875,2,0.0,0,4b39ac,19,2,on,67.0,10.0,45.0,72.0,13.0,M,10.68539804171988
9b378f315c,6983,54.5546875,45.03125,9.5234375,2.5625,1,4.078125,1,2.8828125,1,4f13b4,3,1,off,68.0,12.0,22.0,39.0,22.0,F,17.456680509809537
9b5626b353,5390,42.109375,40.703125,1.40625,0.0,0,1.40625,2,0.0,0,c8e721,2,1,off,58.0,5.0,21.0,27.0,20.0,F,3.339517625231911
9b5f857536,4575,35.7421875,35.2421875,0.5,0.0,0,0.5,1,0.0,0,c8e721,3,2,on,58.0,5.0,21.0,27.0,20.0,F,1.3989071038251366
9b9e2d20c5,5544,43.3125,43.3125,0.0,0.0,0,0.0,0,0.0,0,364459,19,2,on,76.0,7.0,38.0,42.0,13.0,M,0.0
9c9baf9458,4819,37.6484375,37.6484375,0.0,0.0,0,0.0,0,0.0,0,082f01,4,3,on,64.0,17.0,45.0,57.0,24.0,M,0.0
9cb654d456,5683,44.3984375,32.734375,11.6640625,0.0,0,11.6640625,1,0.0,0,231c3b,2,1,on,67.0,12.0,27.0,28.0,19.0,M,26.271335562203063
9d02d58fa7,7218,56.390625,55.6875,0.703125,0.0,0,0.0,0,0.703125,1,7fcee9,19,3,off,65.0,22.0,44.0,36.0,10.0,M,1.2468827930174564
9d161e0027,6718,52.484375,50.96875,1.515625,0.0,0,1.515625,1,0.0,0,bc3908,3,2,on,81.0,10.0,67.0,69.0,21.0,F,2.8877642155403396
9dbe8f59ae,5875,45.8984375,45.8984375,0.0,0.0,0,0.0,0,0.0,0,59f492,13,1,on,54.0,4.0,15.0,,6.0,F,0.0
9dfe62541a,4359,34.0546875,34.0546875,0.0,0.0,0,0.0,0,0.0,0,7fcee9,20,1,on,65.0,22.0,44.0,36.0,10.0,M,0.0
9e0442296b,3993,31.1953125,29.7890625,1.40625,0.0,0,1.40625,1,0.0,0,f686f0,3,1,on,61.0,7.0,44.0,,24.0,M,4.507888805409467
9e0b9001cf,7665,59.8828125,56.921875,2.9609375,0.0,0,2.0,1,0.9609375,1,3b2b7a,3,1,off,52.0,4.0,16.0,27.0,16.0,M,4.944553163731246
9e340ace45,5649,44.1328125,44.1328125,0.0,0.0,0,0.0,0,0.0,0,f2c8aa,2,1,off,65.0,10.0,43.0,49.0,15.0,M,0.0
9e34d98ca6,4956,38.71875,38.71875,0.0,0.0,0,0.0,0,0.0,0,c95ab0,19,1,on,77.0,4.0,41.0,44.0,20.0,M,0.0
9e6056e271,13050,101.953125,30.5234375,71.4296875,5.7578125,1,53.953125,2,11.71875,2,a80ae4,19,1,on,67.0,5.0,30.0,,24.0,M,70.06130268199233
9e9a9c4d71,5617,43.8828125,43.8828125,0.0,0.0,0,0.0,0,0.0,0,3b2403,20,1,on,51.0,3.0,29.0,37.0,21.0,F,0.0
9eaed1e5b7,6778,52.953125,52.953125,0.0,0.0,0,0.0,0,0.0,0,242a3e,3,2,on,67.0,19.0,48.0,51.0,18.0,M,0.0
9ee7d24df1,5340,41.71875,41.71875,0.0,0.0,0,0.0,0,0.0,0,07285e,2,2,on,58.0,1.0,18.0,26.0,10.0,M,0.0
9eed1eba0b,16171,126.3359375,56.2890625,70.046875,0.0,0,64.890625,2,5.15625,2,48fd62,13,3,on,81.0,1.0,42.0,30.0,16.0,M,55.44493228619133
9f1e487792,4789,37.4140625,37.4140625,0.0,0.0,0,0.0,0,0.0,0,7688c1,5,3,on,71.0,13.0,23.0,30.0,16.0,M,0.0
9f56ac535c,3629,28.3515625,28.3515625,0.0,0.0,0,0.0,0,0.0,0,7688c1,2,2,on,71.0,13.0,23.0,30.0,16.0,M,0.0
9fc94b7eb6,12064,94.25,90.9296875,3.3203125,0.0,0,3.3203125,2,0.0,0,bc3908,4,3,on,81.0,10.0,67.0,69.0,21.0,F,3.5228779840848805
9fe5fd449e,4414,34.484375,32.921875,1.5625,0.0,0,1.5625,1,0.0,0,4b39ac,13,1,on,67.0,10.0,45.0,72.0,13.0,M,4.531037607612143
a009ea9fe5,8858,69.203125,69.203125,0.0,0.0,0,0.0,0,0.0,0,3b2403,20,3,on,51.0,3.0,29.0,37.0,21.0,F,0.0
a066ac7aaa,10805,84.4140625,37.453125,46.9609375,0.0,0,46.9609375,3,0.0,0,d9312a,5,3,off,61.0,21.0,38.0,39.0,19.0,M,55.63165201295696
a079ea3f57,5772,45.09375,45.09375,0.0,0.0,0,0.0,0,0.0,0,87174c,3,3,off,65.0,4.0,35.0,41.0,19.0,M,0.0
a1396ddf69,7768,60.6875,60.6875,0.0,0.0,0,0.0,0,0.0,0,c95ab0,13,2,on,77.0,4.0,41.0,44.0,20.0,M,0.0
a171e61840,7400,57.8125,35.7734375,22.0390625,0.0,0,22.0390625,2,0.0,0,8db7dd,2,1,off,66.0,9.0,38.0,45.0,13.0,M,38.12162162162162
a1a08c0505,4150,32.421875,32.421875,0.0,0.0,0,0.0,0,0.0,0,f2c8aa,2,2,on,65.0,10.0,43.0,49.0,15.0,M,0.0
a1c05bd2b2,8908,69.59375,66.546875,3.046875,0.0,0,3.046875,2,0.0,0,7fcee9,2,3,off,65.0,22.0,44.0,36.0,10.0,M,4.378087112707679
a20d4c7439,8033,62.7578125,54.140625,8.6171875,0.0,0,8.6171875,4,0.0,0,66341b,2,3,on,78.0,10.0,46.0,47.0,19.0,M,13.730860201668118
a286b0ef87,4639,36.2421875,36.2421875,0.0,0.0,0,0.0,0,0.0,0,251738,2,2,off,70.0,10.0,36.0,43.0,0.0,M,0.0
