AccV,AccML,AccAP,FoG
-9.617,0.658,-2.286,0
-9.613,0.663,-2.304,0
-9.612,0.664,-2.304,0
-9.613,0.672,-2.304,0
-9.611,0.676,-2.301,0
-9.608,0.67,-2.301,0
-9.613,0.665,-2.304,0
-9.617,0.671,-2.304,0
-9.611,0.672,-2.298,0
-9.611,0.672,-2.297,0
-9.61,0.671,-2.295,0
-9.608,0.663,-2.3,0
-9.609,0.665,-2.3,0
-9.614,0.664,-2.303,0
-9.611,0.663,-2.301,0
-9.613,0.66,-2.298,0
-9.613,0.658,-2.299,0
-9.614,0.658,-2.298,0
-9.611,0.657,-2.282,0
-9.614,0.659,-2.275,0
-9.614,0.663,-2.275,0
-9.614,0.669,-2.295,0
-9.614,0.667,-2.292,0
-9.617,0.662,-2.28,0
-9.613,0.663,-2.281,0
-9.613,0.664,-2.279,0
-9.612,0.665,-2.284,0
-9.614,0.668,-2.301,0
-9.614,0.669,-2.298,0
-9.611,0.665,-2.306,0
-9.606,0.663,-2.301,0
-9.608,0.661,-2.297,0
-9.609,0.67,-2.295,0
-9.61,0.664,-2.304,0
-9.609,0.667,-2.295,0
-9.614,0.663,-2.288,0
-9.614,0.664,-2.29,0
-9.611,0.668,-2.283,0
-9.614,0.663,-2.28,0
-9.617,0.665,-2.277,0
-9.613,0.662,-2.279,0
-9.614,0.663,-2.289,0
-9.61,0.662,-2.297,0
-9.613,0.667,-2.301,0
-9.608,0.663,-2.302,0
-9.609,0.663,-2.311,0
-9.608,0.667,-2.304,0
-9.608,0.665,-2.309,0
-9.603,0.665,-2.31,0
-9.612,0.666,-2.3,0
-9.611,0.667,-2.304,0
-9.61,0.667,-2.296,0
-9.614,0.663,-2.292,0
-9.611,0.663,-2.292,0
-9.615,0.672,-2.291,0
-9.614,0.667,-2.29,0
-9.612,0.668,-2.29,0
-9.611,0.67,-2.289,0
-9.611,0.671,-2.301,0
-9.609,0.672,-2.298,0
-9.613,0.673,-2.302,0
-9.613,0.669,-2.304,0
-9.612,0.673,-2.295,0
-9.607,0.672,-2.304,0
-9.609,0.666,-2.309,0
-9.609,0.672,-2.309,0
-9.607,0.666,-2.307,0
-9.608,0.675,-2.311,0
-9.608,0.666,-2.315,0
-9.609,0.669,-2.32,0
-9.607,0.678,-2.315,0
-9.608,0.669,-2.309,0
-9.61,0.674,-2.312,0
-9.61,0.672,-2.313,0
-9.611,0.671,-2.309,0
-9.61,0.671,-2.31,0
-9.607,0.667,-2.309,0
-9.608,0.669,-2.308,0
-9.608,0.672,-2.311,0
-9.608,0.674,-2.307,0
-9.608,0.675,-2.307,0
-9.609,0.677,-2.306,0
-9.61,0.678,-2.305,0
-9.61,0.676,-2.304,0
-9.607,0.672,-2.302,0
-9.608,0.668,-2.304,0
-9.606,0.665,-2.301,0
-9.605,0.669,-2.298,0
-9.608,0.68,-2.283,0
-9.602,0.651,-2.289,0
-9.606,0.651,-2.311,0
-9.606,0.672,-2.315,0
-9.602,0.681,-2.313,0
-9.603,0.68,-2.306,0
-9.602,0.682,-2.318,0
-9.6,0.681,-2.322,0
-9.593,0.682,-2.327,0
-9.596,0.68,-2.33,0
-9.602,0.684,-2.335,0
-9.608,0.678,-2.347,0
-9.612,0.675,-2.345,0
-9.612,0.678,-2.326,0
-9.613,0.678,-2.315,0
-9.609,0.684,-2.285,0
-9.61,0.687,-2.273,0
-9.613,0.698,-2.276,0
-9.612,0.701,-2.289,0
-9.61,0.699,-2.297,0
-9.606,0.69,-2.3,0
-9.606,0.682,-2.306,0
-9.607,0.683,-2.31,0
-9.598,0.676,-2.309,0
-9.602,0.675,-2.313,0
-9.598,0.67,-2.323,0
-9.594,0.668,-2.324,0
-9.602,0.672,-2.328,0
-9.601,0.666,-2.332,0
-9.599,0.672,-2.333,0
-9.607,0.672,-2.331,0
-9.61,0.674,-2.324,0
-9.608,0.673,-2.321,0
-9.608,0.669,-2.312,0
-9.608,0.675,-2.318,0
-9.611,0.675,-2.318,0
-9.605,0.676,-2.314,0
-9.608,0.675,-2.312,0
-9.609,0.675,-2.311,0
-9.608,0.672,-2.316,0
-9.609,0.674,-2.317,0
-9.609,0.681,-2.315,0
-9.605,0.682,-2.315,0
-9.606,0.681,-2.324,0
-9.606,0.682,-2.321,0
-9.604,0.681,-2.309,0
-9.602,0.678,-2.304,0
-9.602,0.681,-2.302,0
-9.6,0.681,-2.321,0
-9.603,0.682,-2.323,0
-9.604,0.681,-2.319,0
-9.606,0.681,-2.315,0
-9.605,0.682,-2.316,0
-9.605,0.678,-2.321,0
-9.602,0.679,-2.327,0
-9.605,0.681,-2.325,0
-9.607,0.678,-2.322,0
-9.611,0.675,-2.318,0
-9.607,0.674,-2.313,0
-9.609,0.674,-2.311,0
-9.605,0.675,-2.312,0
-9.606,0.676,-2.312,0
-9.606,0.677,-2.315,0
-9.606,0.682,-2.312,0
-9.602,0.679,-2.311,0
-9.606,0.677,-2.31,0
-9.606,0.677,-2.318,0
-9.602,0.674,-2.323,0
-9.606,0.675,-2.318,0
-9.604,0.677,-2.325,0
-9.605,0.677,-2.324,0
-9.608,0.674,-2.327,0
-9.604,0.674,-2.327,0
-9.603,0.675,-2.327,0
-9.603,0.675,-2.321,0
-9.603,0.675,-2.324,0
-9.607,0.678,-2.319,0
-9.607,0.675,-2.32,0
-9.605,0.679,-2.315,0
-9.607,0.679,-2.315,0
-9.611,0.709,-2.304,0
-9.609,0.71,-2.29,0
-9.587,0.642,-2.301,0
-9.61,0.653,-2.315,0
-9.609,0.684,-2.312,0
-9.6,0.687,-2.31,0
-9.602,0.685,-2.321,0
-9.606,0.683,-2.322,0
-9.602,0.666,-2.332,0
-9.604,0.67,-2.335,0
-9.607,0.684,-2.333,0
-9.606,0.689,-2.33,0
-9.603,0.68,-2.324,0
-9.61,0.673,-2.321,0
-9.61,0.67,-2.32,0
-9.608,0.675,-2.317,0
-9.608,0.682,-2.315,0
-9.609,0.682,-2.312,0
-9.607,0.68,-2.309,0
-9.605,0.676,-2.31,0
-9.607,0.677,-2.307,0
-9.604,0.676,-2.306,0
-9.606,0.675,-2.307,0
-9.604,0.678,-2.312,0
-9.601,0.682,-2.316,0
-9.606,0.681,-2.318,0
-9.603,0.686,-2.32,0
-9.6,0.682,-2.316,0
-9.603,0.681,-2.323,0
-9.608,0.681,-2.319,0
-9.607,0.677,-2.318,0
-9.608,0.677,-2.325,0
-9.609,0.674,-2.324,0
-9.609,0.675,-2.319,0
-9.606,0.676,-2.314,0
-9.605,0.674,-2.311,0
-9.609,0.671,-2.314,0
-9.609,0.676,-2.316,0
-9.61,0.681,-2.311,0
-9.606,0.681,-2.306,0
-9.608,0.686,-2.31,0
-9.606,0.685,-2.309,0
-9.608,0.682,-2.316,0
-9.603,0.681,-2.319,0
-9.604,0.681,-2.33,0
-9.606,0.678,-2.331,0
-9.608,0.667,-2.334,0
-9.608,0.663,-2.335,0
-9.605,0.662,-2.325,0
-9.603,0.67,-2.318,0
-9.599,0.679,-2.311,0
-9.604,0.681,-2.306,0
-9.602,0.683,-2.309,0
-9.607,0.682,-2.316,0
-9.609,0.682,-2.312,0
-9.606,0.68,-2.312,0
-9.608,0.673,-2.304,0
-9.605,0.675,-2.306,0
-9.602,0.675,-2.307,0
-9.604,0.677,-2.307,0
-9.607,0.675,-2.314,0
-9.607,0.678,-2.314,0
-9.605,0.679,-2.317,0
-9.609,0.681,-2.322,0
-9.606,0.68,-2.32,0
-9.605,0.678,-2.32,0
-9.605,0.682,-2.323,0
-9.606,0.681,-2.33,0
-9.604,0.682,-2.33,0
-9.606,0.681,-2.327,0
-9.606,0.68,-2.327,0
-9.609,0.681,-2.322,0
-9.611,0.678,-2.322,0
-9.608,0.679,-2.32,0
-9.608,0.676,-2.315,0
-9.607,0.675,-2.316,0
-9.608,0.674,-2.315,0
-9.609,0.676,-2.316,0
-9.608,0.676,-2.313,0
-9.604,0.678,-2.298,0
-9.605,0.677,-2.295,0
-9.604,0.68,-2.3,0
-9.605,0.68,-2.322,0
-9.608,0.678,-2.324,0
-9.609,0.675,-2.318,0
-9.605,0.677,-2.316,0
-9.602,0.677,-2.317,0
-9.608,0.68,-2.316,0
-9.606,0.68,-2.321,0
-9.608,0.682,-2.324,0
-9.609,0.681,-2.324,0
-9.603,0.677,-2.32,0
-9.606,0.677,-2.318,0
-9.605,0.678,-2.316,0
-9.605,0.68,-2.319,0
-9.601,0.679,-2.318,0
-9.605,0.681,-2.322,0
-9.606,0.681,-2.318,0
-9.606,0.682,-2.314,0
-9.608,0.682,-2.318,0
-9.601,0.683,-2.322,0
-9.603,0.681,-2.321,0
-9.605,0.678,-2.314,0
-9.605,0.675,-2.314,0
-9.606,0.677,-2.322,0
-9.608,0.675,-2.327,0
-9.602,0.68,-2.321,0
-9.602,0.678,-2.301,0
-9.607,0.676,-2.302,0
-9.609,0.674,-2.308,0
-9.605,0.678,-2.311,0
-9.608,0.675,-2.312,0
-9.609,0.682,-2.307,0
-9.608,0.681,-2.308,0
-9.607,0.678,-2.31,0
-9.609,0.678,-2.309,0
-9.603,0.676,-2.312,0
-9.606,0.678,-2.312,0
-9.605,0.677,-2.317,0
-9.605,0.68,-2.322,0
-9.607,0.682,-2.318,0
-9.605,0.681,-2.323,0
-9.602,0.683,-2.319,0
-9.604,0.682,-2.317,0
-9.607,0.682,-2.318,0
-9.607,0.681,-2.314,0
-9.607,0.681,-2.32,0
-9.607,0.681,-2.317,0
-9.603,0.679,-2.307,0
-9.602,0.682,-2.301,0
-9.607,0.681,-2.307,0
-9.605,0.682,-2.309,0
-9.608,0.681,-2.306,0
-9.607,0.676,-2.309,0
-9.608,0.672,-2.309,0
-9.609,0.675,-2.315,0
-9.603,0.679,-2.314,0
-9.603,0.68,-2.315,0
-9.603,0.681,-2.321,0
-9.606,0.686,-2.316,0
-9.602,0.685,-2.315,0
-9.606,0.682,-2.315,0
-9.605,0.682,-2.32,0
-9.608,0.683,-2.317,0
-9.606,0.682,-2.326,0
-9.603,0.682,-2.318,0
-9.606,0.679,-2.31,0
-9.603,0.674,-2.3,0
-9.606,0.671,-2.298,0
-9.609,0.677,-2.312,0
-9.606,0.679,-2.312,0
-9.607,0.684,-2.309,0
-9.608,0.686,-2.306,0
-9.609,0.687,-2.309,0
-9.605,0.689,-2.309,0
-9.606,0.693,-2.314,0
-9.603,0.683,-2.327,0
-9.606,0.679,-2.321,0
-9.605,0.674,-2.319,0
-9.609,0.673,-2.315,0
-9.614,0.674,-2.336,0
-9.612,0.672,-2.335,0
-9.606,0.674,-2.321,0
-9.607,0.677,-2.313,0
-9.609,0.685,-2.304,0
-9.604,0.688,-2.304,0
-9.608,0.689,-2.301,0
-9.607,0.683,-2.307,0
-9.604,0.681,-2.304,0
-9.605,0.681,-2.303,0
-9.605,0.682,-2.3,0
-9.6,0.683,-2.304,0
-9.603,0.681,-2.307,0
-9.602,0.682,-2.312,0
-9.603,0.681,-2.314,0
-9.606,0.681,-2.321,0
-9.609,0.681,-2.322,0
-9.603,0.681,-2.324,0
-9.608,0.681,-2.324,0
-9.609,0.681,-2.325,0
-9.607,0.681,-2.324,0
-9.608,0.675,-2.33,0
-9.605,0.674,-2.321,0
-9.605,0.681,-2.315,0
-9.605,0.682,-2.312,0
-9.606,0.682,-2.312,0
-9.608,0.682,-2.312,0
-9.608,0.684,-2.309,0
-9.603,0.68,-2.315,0
-9.606,0.684,-2.313,0
-9.602,0.68,-2.316,0
-9.604,0.68,-2.306,0
-9.6,0.682,-2.298,0
-9.604,0.681,-2.307,0
-9.607,0.682,-2.315,0
-9.608,0.681,-2.327,0
-9.607,0.675,-2.325,0
-9.609,0.675,-2.317,0
-9.606,0.68,-2.318,0
-9.607,0.677,-2.318,0
-9.608,0.678,-2.312,0
-9.605,0.674,-2.317,0
-9.606,0.676,-2.309,0
-9.608,0.679,-2.313,0
-9.606,0.682,-2.312,0
-9.608,0.682,-2.309,0
-9.605,0.68,-2.312,0
-9.609,0.689,-2.313,0
-9.606,0.693,-2.309,0
-9.601,0.668,-2.306,0
-9.606,0.674,-2.316,0
-9.606,0.689,-2.322,0
-9.603,0.687,-2.314,0
-9.602,0.682,-2.317,0
-9.606,0.682,-2.315,0
-9.609,0.683,-2.319,0
-9.603,0.685,-2.321,0
-9.604,0.681,-2.316,0
-9.608,0.682,-2.31,0
-9.602,0.665,-2.307,0
-9.606,0.679,-2.312,0
-9.613,0.697,-2.301,0
-9.603,0.663,-2.309,0
-9.607,0.65,-2.321,0
-9.609,0.672,-2.319,0
-9.602,0.689,-2.317,0
-9.603,0.692,-2.309,0
-9.608,0.681,-2.302,0
-9.608,0.671,-2.304,0
-9.608,0.674,-2.308,0
-9.604,0.684,-2.312,0
-9.602,0.687,-2.312,0
-9.602,0.688,-2.314,0
-9.609,0.687,-2.312,0
-9.604,0.684,-2.307,0
-9.606,0.681,-2.31,0
-9.609,0.685,-2.312,0
-9.609,0.688,-2.304,0
-9.608,0.685,-2.306,0
-9.609,0.683,-2.304,0
-9.607,0.681,-2.306,0
-9.608,0.682,-2.308,0
-9.605,0.683,-2.307,0
-9.602,0.681,-2.315,0
-9.6,0.679,-2.319,0
-9.606,0.679,-2.312,0
-9.605,0.681,-2.317,0
-9.605,0.676,-2.312,0
-9.608,0.678,-2.318,0
-9.609,0.682,-2.313,0
-9.612,0.682,-2.307,0
-9.607,0.683,-2.306,0
-9.61,0.688,-2.309,0
-9.606,0.686,-2.312,0
-9.606,0.685,-2.312,0
-9.606,0.682,-2.315,0
-9.608,0.683,-2.322,0
-9.606,0.682,-2.321,0
-9.604,0.681,-2.317,0
-9.602,0.681,-2.307,0
-9.603,0.68,-2.308,0
-9.609,0.675,-2.313,0
-9.609,0.68,-2.312,0
-9.606,0.683,-2.306,0
-9.609,0.69,-2.305,0
-9.609,0.695,-2.309,0
-9.604,0.688,-2.31,0
-9.602,0.683,-2.315,0
-9.605,0.681,-2.321,0
-9.603,0.682,-2.329,0
-9.607,0.678,-2.333,0
-9.609,0.672,-2.335,0
-9.609,0.674,-2.333,0
-9.608,0.67,-2.321,0
-9.609,0.671,-2.311,0
-9.608,0.675,-2.304,0
-9.609,0.682,-2.301,0
-9.604,0.69,-2.301,0
-9.605,0.693,-2.304,0
-9.603,0.692,-2.306,0
-9.608,0.684,-2.301,0
-9.604,0.682,-2.304,0
-9.604,0.681,-2.302,0
-9.605,0.681,-2.305,0
-9.603,0.682,-2.31,0
-9.604,0.681,-2.311,0
-9.609,0.685,-2.309,0
-9.607,0.682,-2.311,0
-9.605,0.681,-2.307,0
-9.608,0.68,-2.309,0
-9.607,0.679,-2.312,0
-9.609,0.681,-2.311,0
-9.61,0.681,-2.315,0
-9.607,0.681,-2.316,0
-9.606,0.677,-2.324,0
-9.609,0.674,-2.329,0
-9.608,0.675,-2.332,0
-9.607,0.676,-2.324,0
-9.61,0.68,-2.323,0
-9.608,0.681,-2.319,0
-9.609,0.681,-2.312,0
-9.609,0.683,-2.31,0
-9.609,0.685,-2.309,0
-9.605,0.684,-2.31,0
-9.602,0.686,-2.304,0
-9.601,0.682,-2.298,0
-9.603,0.682,-2.295,0
-9.605,0.681,-2.309,0
-9.609,0.682,-2.329,0
-9.608,0.678,-2.325,0
-9.606,0.68,-2.319,0
-9.605,0.682,-2.318,0
-9.606,0.682,-2.324,0
-9.608,0.682,-2.328,0
-9.608,0.687,-2.332,0
-9.607,0.687,-2.33,0
-9.609,0.686,-2.322,0
-9.608,0.685,-2.319,0
-9.605,0.681,-2.313,0
-9.608,0.678,-2.309,0
-9.606,0.682,-2.309,0
-9.607,0.678,-2.309,0
-9.607,0.682,-2.308,0
-9.609,0.68,-2.309,0
-9.609,0.678,-2.305,0
-9.609,0.681,-2.313,0
-9.609,0.681,-2.318,0
-9.607,0.681,-2.321,0
-9.606,0.679,-2.325,0
-9.603,0.679,-2.322,0
-9.607,0.676,-2.324,0
-9.609,0.68,-2.324,0
-9.602,0.68,-2.321,0
-9.603,0.681,-2.318,0
-9.604,0.682,-2.313,0
-9.603,0.682,-2.313,0
-9.605,0.678,-2.312,0
-9.608,0.681,-2.312,0
-9.605,0.681,-2.311,0
-9.607,0.68,-2.307,0
-9.61,0.682,-2.307,0
-9.609,0.681,-2.303,0
-9.612,0.681,-2.303,0
-9.608,0.683,-2.301,0
-9.609,0.684,-2.302,0
-9.604,0.685,-2.312,0
-9.606,0.683,-2.315,0
-9.605,0.683,-2.308,0
-9.605,0.686,-2.315,0
-9.602,0.683,-2.321,0
-9.6,0.683,-2.318,0
-9.607,0.684,-2.323,0
-9.603,0.682,-2.32,0
-9.606,0.682,-2.324,0
-9.606,0.681,-2.318,0
-9.607,0.682,-2.319,0
-9.602,0.68,-2.312,0
-9.605,0.674,-2.316,0
-9.607,0.675,-2.315,0
-9.606,0.671,-2.313,0
-9.607,0.666,-2.315,0
-9.608,0.67,-2.316,0
-9.608,0.675,-2.315,0
-9.605,0.679,-2.315,0
-9.608,0.682,-2.31,0
-9.607,0.681,-2.307,0
-9.608,0.682,-2.312,0
-9.608,0.682,-2.31,0
-9.609,0.688,-2.305,0
-9.606,0.684,-2.317,0
-9.606,0.684,-2.321,0
-9.602,0.685,-2.323,0
-9.604,0.682,-2.322,0
-9.602,0.681,-2.312,0
-9.604,0.682,-2.309,0
-9.602,0.679,-2.318,0
-9.606,0.682,-2.315,0
-9.602,0.684,-2.306,0
-9.607,0.684,-2.295,0
-9.607,0.684,-2.304,0
-9.607,0.686,-2.312,0
-9.599,0.683,-2.308,0
-9.602,0.684,-2.305,0
-9.603,0.682,-2.316,0
-9.608,0.675,-2.324,0
-9.608,0.668,-2.33,0
-9.606,0.667,-2.324,0
-9.605,0.678,-2.318,0
-9.603,0.681,-2.315,0
-9.602,0.685,-2.312,0
-9.603,0.685,-2.313,0
-9.602,0.687,-2.319,0
-9.603,0.687,-2.322,0
-9.605,0.685,-2.32,0
-9.606,0.687,-2.314,0
-9.604,0.684,-2.308,0
-9.602,0.678,-2.304,0
-9.604,0.68,-2.301,0
-9.608,0.681,-2.298,0
-9.608,0.68,-2.301,0
-9.608,0.68,-2.302,0
-9.608,0.675,-2.304,0
-9.608,0.678,-2.309,0
-9.606,0.682,-2.315,0
-9.606,0.681,-2.322,0
-9.608,0.676,-2.321,0
-9.608,0.677,-2.321,0
-9.607,0.682,-2.329,0
-9.608,0.681,-2.324,0
-9.605,0.683,-2.329,0
-9.608,0.684,-2.327,0
-9.606,0.684,-2.324,0
-9.604,0.684,-2.318,0
-9.603,0.681,-2.321,0
-9.604,0.683,-2.319,0
-9.605,0.682,-2.312,0
-9.607,0.682,-2.318,0
-9.606,0.679,-2.321,0
-9.603,0.682,-2.31,0
-9.603,0.681,-2.301,0
-9.602,0.682,-2.297,0
-9.606,0.681,-2.311,0
-9.603,0.681,-2.324,0
-9.608,0.678,-2.311,0
-9.609,0.678,-2.309,0
-9.609,0.678,-2.309,0
-9.608,0.678,-2.308,0
-9.608,0.683,-2.318,0
-9.605,0.678,-2.324,0
-9.605,0.682,-2.321,0
-9.608,0.682,-2.318,0
-9.604,0.682,-2.312,0
-9.602,0.68,-2.312,0
-9.602,0.68,-2.317,0
-9.608,0.682,-2.315,0
-9.604,0.682,-2.315,0
-9.607,0.682,-2.324,0
-9.608,0.681,-2.32,0
-9.606,0.681,-2.31,0
-9.606,0.681,-2.315,0
-9.605,0.681,-2.318,0
-9.609,0.682,-2.315,0
-9.605,0.682,-2.312,0
-9.606,0.681,-2.31,0
-9.609,0.682,-2.317,0
-9.608,0.681,-2.317,0
-9.609,0.685,-2.313,0
-9.606,0.682,-2.309,0
-9.608,0.685,-2.311,0
-9.607,0.682,-2.314,0
-9.604,0.681,-2.316,0
-9.605,0.681,-2.309,0
-9.604,0.687,-2.309,0
-9.609,0.683,-2.314,0
-9.608,0.681,-2.315,0
-9.609,0.685,-2.32,0
-9.609,0.683,-2.318,0
-9.608,0.683,-2.318,0
-9.609,0.684,-2.316,0
-9.606,0.681,-2.309,0
-9.605,0.682,-2.312,0
-9.608,0.682,-2.315,0
-9.604,0.679,-2.318,0
-9.604,0.679,-2.318,0
-9.604,0.68,-2.314,0
-9.609,0.675,-2.313,0
-9.605,0.676,-2.31,0
-9.6,0.678,-2.309,0
-9.607,0.681,-2.311,0
-9.603,0.678,-2.308,0
-9.602,0.679,-2.309,0
-9.601,0.68,-2.309,0
-9.606,0.681,-2.307,0
-9.608,0.683,-2.313,0
-9.605,0.677,-2.318,0
-9.603,0.672,-2.321,0
-9.606,0.671,-2.321,0
-9.607,0.673,-2.324,0
-9.603,0.683,-2.322,0
-9.603,0.679,-2.329,0
-9.601,0.678,-2.32,0
-9.602,0.68,-2.321,0
-9.606,0.691,-2.325,0
-9.602,0.681,-2.34,0
-9.602,0.674,-2.355,0
-9.609,0.686,-2.352,0
-9.606,0.688,-2.345,0
-9.599,0.682,-2.333,0
-9.6,0.68,-2.324,0
-9.608,0.685,-2.324,0
-9.605,0.691,-2.324,0
-9.607,0.701,-2.312,0
-9.607,0.696,-2.289,0
-9.606,0.703,-2.277,0
-9.603,0.692,-2.303,0
-9.602,0.686,-2.311,0
-9.602,0.683,-2.317,0
-9.602,0.682,-2.327,0
-9.605,0.682,-2.332,0
-9.608,0.67,-2.33,0
-9.605,0.673,-2.326,0
-9.603,0.679,-2.31,0
-9.604,0.681,-2.293,0
-9.599,0.676,-2.291,0
-9.606,0.69,-2.303,0
-9.609,0.694,-2.324,0
-9.608,0.705,-2.324,0
-9.605,0.7,-2.305,0
-9.6,0.691,-2.301,0
-9.599,0.686,-2.301,0
-9.599,0.684,-2.297,0
-9.591,0.681,-2.296,0
-9.601,0.674,-2.296,0
-9.602,0.676,-2.289,0
-9.603,0.672,-2.286,0
-9.603,0.671,-2.289,0
-9.609,0.675,-2.286,0
-9.61,0.679,-2.286,0
-9.608,0.686,-2.294,0
-9.602,0.68,-2.298,0
-9.598,0.669,-2.295,0
-9.604,0.663,-2.298,0
-9.605,0.675,-2.297,0
-9.603,0.676,-2.314,0
-9.603,0.681,-2.332,0
-9.612,0.682,-2.347,0
-9.615,0.689,-2.326,0
-9.62,0.691,-2.312,0
-9.619,0.676,-2.301,0
-9.612,0.675,-2.309,0
-9.6,0.66,-2.323,0
-9.587,0.661,-2.362,0
-9.59,0.672,-2.367,0
-9.595,0.684,-2.377,0
-9.601,0.707,-2.379,0
-9.607,0.711,-2.403,0
-9.613,0.709,-2.347,0
-9.654,0.688,-2.41,0
-9.66,0.691,-2.504,0
-9.609,0.715,-2.457,0
-9.614,0.701,-2.396,0
-9.63,0.666,-2.313,0
-9.623,0.646,-2.283,0
-9.612,0.643,-2.296,0
-9.595,0.639,-2.263,0
-9.598,0.633,-2.237,0
-9.599,0.644,-2.202,0
-9.606,0.661,-2.173,0
-9.61,0.676,-2.184,0
-9.613,0.683,-2.196,0
-9.612,0.675,-2.219,0
-9.608,0.676,-2.247,0
-9.593,0.682,-2.257,0
-9.59,0.696,-2.26,0
-9.616,0.66,-2.243,0
-9.603,0.656,-2.237,0
-9.576,0.701,-2.261,0
-9.595,0.687,-2.264,0
-9.612,0.652,-2.232,0
-9.615,0.63,-2.211,0
-9.611,0.636,-2.214,0
-9.612,0.653,-2.221,0
-9.614,0.657,-2.248,0
-9.618,0.669,-2.307,0
-9.618,0.68,-2.303,0
-9.623,0.691,-2.264,0
-9.625,0.701,-2.25,0
-9.633,0.691,-2.22,0
-9.629,0.686,-2.205,0
-9.63,0.686,-2.197,0
-9.628,0.684,-2.206,0
-9.62,0.688,-2.214,0
-9.614,0.688,-2.222,0
-9.611,0.695,-2.233,0
-9.608,0.705,-2.247,0
-9.609,0.694,-2.263,0
-9.606,0.684,-2.268,0
-9.596,0.677,-2.219,0
-9.609,0.673,-2.187,0
-9.62,0.643,-2.205,0
-9.618,0.637,-2.211,0
-9.604,0.64,-2.229,0
-9.585,0.658,-2.287,0
-9.581,0.693,-2.367,0
-9.586,0.695,-2.412,0
-9.6,0.659,-2.402,0
-9.579,0.665,-2.394,0
-9.589,0.673,-2.405,0
-9.617,0.661,-2.397,0
-9.621,0.663,-2.35,0
-9.621,0.693,-2.312,0
-9.62,0.715,-2.298,0
-9.62,0.724,-2.291,0
-9.623,0.716,-2.28,0
-9.615,0.697,-2.289,0
-9.62,0.714,-2.256,0
-9.623,0.714,-2.255,0
-9.62,0.709,-2.257,0
-9.617,0.705,-2.254,0
-9.614,0.689,-2.266,0
-9.612,0.688,-2.275,0
-9.612,0.695,-2.305,0
-9.606,0.697,-2.317,0
-9.604,0.71,-2.31,0
-9.607,0.712,-2.301,0
-9.6,0.712,-2.301,0
-9.596,0.712,-2.318,0
-9.594,0.713,-2.317,0
-9.595,0.714,-2.332,0
-9.611,0.705,-2.357,0
-9.59,0.684,-2.333,0
-9.635,0.699,-2.335,0
-9.562,0.681,-2.305,0
-9.683,0.711,-2.353,0
-9.254,0.554,-2.185,0
-9.767,0.767,-2.374,0
-9.79,0.735,-2.372,0
-9.562,0.675,-2.304,0
-9.62,0.691,-2.312,0
-9.578,0.686,-2.315,0
-9.609,0.692,-2.325,0
-9.559,0.672,-2.299,0
-9.645,0.708,-2.341,0
-9.41,0.615,-2.269,0
-9.54,0.693,-2.324,0
-9.826,0.778,-2.415,0
-9.546,0.679,-2.323,0
-9.645,0.706,-2.34,0
-9.561,0.669,-2.309,0
-9.65,0.704,-2.333,0
-9.394,0.608,-2.252,0
-9.648,0.709,-2.356,0
-9.709,0.719,-2.37,0
-9.6,0.696,-2.388,0
-9.522,0.658,-2.369,0
-9.484,0.658,-2.376,0
-9.759,0.749,-2.445,0
-9.593,0.681,-2.368,0
-9.533,0.65,-2.341,0
-9.56,0.66,-2.353,0
-9.712,0.707,-2.394,0
-9.596,0.672,-2.365,0
-9.614,0.692,-2.367,0
-9.495,0.678,-2.343,0
-9.644,0.732,-2.402,0
-9.639,0.701,-2.379,0
-9.593,0.673,-2.369,0
-9.597,0.665,-2.382,0
-9.587,0.673,-2.384,0
-9.587,0.683,-2.381,0
-9.586,0.685,-2.376,0
-9.576,0.683,-2.344,0
-9.584,0.679,-2.338,0
-9.617,0.666,-2.368,0
-9.612,0.642,-2.381,0
-9.603,0.638,-2.365,0
-9.588,0.663,-2.379,0
-9.584,0.708,-2.435,0
-9.587,0.723,-2.47,0
-9.58,0.712,-2.449,0
-9.576,0.696,-2.402,0
-9.584,0.678,-2.347,0
-9.585,0.655,-2.292,0
-9.6,0.644,-2.265,0
-9.612,0.643,-2.265,0
-9.614,0.65,-2.281,0
-9.614,0.643,-2.286,0
-9.612,0.646,-2.297,0
-9.613,0.649,-2.318,0
-9.609,0.668,-2.329,0
-9.598,0.685,-2.338,0
-9.591,0.682,-2.333,0
-9.593,0.674,-2.346,0
-9.59,0.661,-2.373,0
-9.591,0.658,-2.402,0
-9.606,0.648,-2.46,0
-9.617,0.638,-2.5,0
-9.613,0.634,-2.467,0
-9.61,0.626,-2.375,0
-9.609,0.607,-2.297,0
-9.606,0.596,-2.278,0
-9.597,0.594,-2.303,0
-9.585,0.602,-2.353,0
-9.587,0.613,-2.417,0
-9.605,0.63,-2.481,0
-9.625,0.608,-2.465,0
-9.646,0.571,-2.412,0
-9.659,0.546,-2.388,0
-9.639,0.571,-2.389,0
-9.625,0.589,-2.391,0
-9.621,0.596,-2.358,0
-9.615,0.619,-2.357,0
-9.607,0.654,-2.412,0
-9.61,0.681,-2.447,0
-9.619,0.661,-2.461,0
-9.629,0.624,-2.423,0
-9.644,0.594,-2.371,0
-9.646,0.624,-2.331,0
-9.636,0.666,-2.252,0
-9.63,0.658,-2.266,0
-9.628,0.638,-2.272,0
-9.626,0.631,-2.283,0
-9.623,0.623,-2.302,0
-9.62,0.602,-2.354,0
-9.631,0.58,-2.385,0
-9.629,0.589,-2.342,0
-9.647,0.606,-2.321,0
-9.634,0.613,-2.322,0
-9.635,0.611,-2.307,0
-9.623,0.597,-2.31,0
-9.647,0.602,-2.226,0
-9.656,0.605,-2.203,0
-9.638,0.623,-2.162,0
-9.603,0.626,-2.119,0
-9.631,0.648,-2.096,0
-9.641,0.632,-2.078,0
-9.637,0.633,-2.057,0
-9.636,0.655,-2.009,0
-9.637,0.666,-1.96,0
-9.56,0.569,-1.905,0
-9.376,0.419,-1.966,0
-9.294,0.392,-1.992,0
-9.287,0.454,-1.934,0
-9.408,0.562,-1.902,0
-9.219,0.482,-1.907,0
-9.283,0.595,-1.889,0
-9.24,0.592,-1.93,0
-9.286,0.606,-1.997,0
-9.475,0.697,-2.07,0
-9.549,0.701,-2.082,0
-9.518,0.671,-2.159,0
-9.508,0.753,-2.265,0
-9.617,0.839,-2.29,0
-9.676,0.812,-2.304,0
-9.723,0.848,-2.24,0
-9.738,0.869,-2.075,0
-9.817,0.914,-1.932,0
-9.913,0.947,-1.781,0
-10.042,0.889,-1.732,0
-10.052,0.902,-1.691,0
-9.941,0.809,-1.596,0
-9.984,0.763,-1.384,0
-9.972,0.734,-1.216,0
-9.946,0.752,-1.089,0
-9.995,0.722,-1.008,0
-10.018,0.734,-0.908,0
-10.09,0.69,-0.734,0
-10.15,0.661,-0.637,0
-10.273,0.676,-0.647,0
-10.306,0.651,-0.623,0
-10.406,0.65,-0.536,0
-10.529,0.575,-0.375,0
-10.689,0.561,-0.205,0
-10.934,0.491,-0.112,0
-11.067,0.445,-0.112,0
-11.139,0.414,-0.184,0
-11.265,0.403,-0.357,0
-11.364,0.471,-0.424,0
-11.478,0.538,-0.122,0
-11.381,0.593,-0.085,0
-11.851,0.687,0.065,0
-12.22,0.497,-0.151,0
-11.775,0.497,-0.278,0
-11.759,0.833,-0.076,0
-11.839,0.599,-0.674,0
-11.768,0.503,-0.462,0
-11.283,0.441,-1.103,0
-10.848,0.61,-0.979,0
-10.627,0.834,0.201,0
-10.705,0.984,0.439,0
-10.566,0.872,0.469,0
-10.383,0.645,0.743,0
-10.172,0.509,1.143,0
-10.02,0.426,1.431,0
-10.203,0.288,1.322,0
-10.255,0.161,1.639,0
-10.223,0.162,2.13,0
-10.177,0.226,2.093,0
-10.367,0.263,2.055,0
-10.444,0.29,2.234,0
-10.347,0.219,2.502,0
-10.261,0.061,2.659,0
-10.332,-0.164,2.768,0
-10.384,-0.337,2.982,0
-10.642,-0.439,3.203,0
-10.578,-0.519,3.499,0
-10.507,-0.55,3.732,0
-10.459,-0.496,3.863,0
-10.503,-0.406,4.038,0
-10.698,-0.191,4.321,0
-10.925,-0.022,4.71,0
-11.258,-0.078,4.951,0
-11.601,-0.174,4.973,0
-11.866,-0.4,4.972,0
-11.905,-0.666,5.014,0
-11.692,-0.784,4.978,0
-11.497,-0.917,4.798,0
-11.295,-0.81,4.745,0
-10.968,-0.7,4.891,0
-10.673,-0.629,4.995,0
-10.467,-0.586,5.034,0
-10.395,-0.55,5.005,0
-10.355,-0.504,4.952,0
-10.313,-0.419,4.921,0
-10.277,-0.378,4.789,0
-10.2,-0.329,4.644,0
-10.074,-0.295,4.615,0
-10.011,-0.289,4.551,0
-9.923,-0.273,4.542,0
-9.844,-0.113,4.593,0
-9.652,0.098,4.621,0
-9.542,0.259,4.608,0
-9.48,0.282,4.554,0
-9.461,0.233,4.416,0
-9.401,0.247,4.279,0
-9.25,0.227,4.233,0
-9.081,0.093,4.162,0
-8.999,0.052,4.028,0
-8.917,0.086,3.701,0
-8.709,0.173,3.661,0
-8.408,0.232,3.626,0
-8.23,0.302,3.611,0
-7.991,0.418,3.54,0
-7.747,0.511,3.399,0
-7.562,0.607,3.235,0
-7.387,0.633,3.076,0
-7.179,0.602,2.97,0
-7.054,0.55,2.956,0
-7.051,0.401,2.837,0
-7.104,0.226,2.859,0
-7.193,0.081,2.906,0
-7.232,0.014,2.981,0
-7.258,0.023,2.984,0
-7.267,0.079,3.065,0
-7.248,0.155,2.999,0
-7.334,0.198,2.877,0
-7.411,0.185,2.982,0
-7.47,0.151,2.932,0
-7.544,0.121,2.86,0
-7.473,0.167,2.795,0
-7.484,0.16,2.945,0
-7.503,0.184,3.011,0
-7.546,0.211,3.057,0
-7.525,0.221,2.957,0
-7.469,0.212,3.126,0
-7.519,0.182,3.165,0
-7.704,0.185,2.994,0
-7.856,0.192,2.93,0
-7.88,0.186,2.969,0
-7.811,0.2,2.985,0
-7.708,0.239,2.955,0
-7.775,0.258,2.756,0
-7.818,0.301,2.753,0
-7.824,0.311,2.817,0
-7.757,0.348,2.87,0
-7.689,0.358,2.94,0
-7.729,0.335,2.959,0
-7.9,0.295,2.959,0
-8.027,0.255,2.993,0
-8.034,0.217,3.117,0
-8.039,0.181,3.142,0
-8.085,0.173,3.152,0
-8.143,0.166,3.162,0
-8.193,0.141,3.151,0
-8.286,0.124,3.124,0
-8.394,0.122,3.088,0
-8.559,0.207,3.082,0
-8.672,0.295,3.166,0
-8.785,0.409,3.25,0
-8.802,0.437,3.312,0
-8.919,0.36,3.409,0
-8.93,0.26,3.383,0
-8.83,0.073,3.334,0
-8.692,-0.038,3.153,0
-8.483,0.015,3.112,0
-8.267,0.167,3.012,0
-8.054,0.32,2.783,0
-7.938,0.492,2.578,0
-7.964,0.679,2.3,0
-8.089,0.894,2.101,0
-8.274,1.077,2.02,0
-8.53,1.163,2.01,0
-8.961,1.255,1.953,0
-9.256,1.235,1.977,0
-9.58,1.131,2.049,0
-9.913,0.974,1.944,0
-10.086,0.82,1.857,0
-10.101,0.678,1.616,0
-10.072,0.678,1.558,0
-9.989,0.705,1.515,0
-9.738,0.734,1.494,0
-9.591,0.697,1.421,0
-9.595,0.626,1.334,0
-9.64,0.58,1.298,0
-9.674,0.529,1.269,0
-9.742,0.507,1.251,0
-9.713,0.554,1.23,0
-9.694,0.611,1.211,0
-9.673,0.646,1.141,0
-9.677,0.682,1.099,0
-9.646,0.732,1.077,0
-9.646,0.762,1.012,0
-9.606,0.808,1.02,0
-9.583,0.87,1.037,0
-9.534,0.889,1.016,0
-9.443,0.911,1.005,0
-9.334,0.928,0.931,0
-9.217,0.881,0.818,0
-9.064,0.86,0.74,0
-8.998,0.852,0.711,0
-9.026,0.847,0.802,0
-9.157,0.818,0.838,0
-9.287,0.703,0.777,0
-9.3,0.564,0.671,0
-9.143,0.434,0.513,0
-9.057,0.324,0.471,0
-9.146,0.236,0.53,0
-9.303,0.182,0.473,0
-9.471,0.298,0.741,0
-9.837,0.327,1.155,0
-10.211,0.029,1.24,0
-10.333,-0.434,1.179,0
-10.488,-0.539,1.013,0
-10.604,-0.183,0.917,0
-10.805,0.365,1.095,0
-11.202,0.831,1.354,0
-11.511,0.969,1.708,0
-11.551,0.99,2.26,0
-11.507,1.047,2.824,0
-11.656,0.821,3.223,0
-11.611,0.652,3.48,0
-11.311,0.782,3.759,0
-11.087,0.843,3.927,0
-10.797,0.633,3.873,0
-10.382,0.414,3.7,0
-9.931,0.388,3.508,0
-9.576,0.328,3.261,0
-9.278,0.15,3.121,0
-9.07,-0.025,2.981,0
-8.946,-0.137,2.899,0
-8.922,-0.273,2.749,0
-8.911,-0.446,2.562,0
-9.007,-0.578,2.38,0
-9.089,-0.613,2.238,0
-9.114,-0.554,2.103,0
-9.074,-0.471,2.061,0
-9.2,-0.282,2.123,0
-9.293,-0.193,2.147,0
-9.441,0.043,2.277,0
-9.595,0.227,2.175,0
-9.712,0.507,2.274,0
-9.812,0.745,2.372,0
-9.84,0.916,2.328,0
-9.822,0.975,2.261,0
-9.741,0.923,2.201,0
-9.669,0.773,2.11,0
-9.583,0.575,2.012,0
-9.489,0.454,1.982,0
-9.321,0.258,1.962,0
-9.297,0.02,2.007,0
-9.392,-0.129,1.96,0
-9.323,-0.265,1.981,0
-9.267,-0.29,1.964,0
-9.124,-0.328,1.969,0
-9.1,-0.392,1.917,0
-9.077,-0.324,1.894,0
-9.055,-0.313,1.791,0
-9.012,-0.377,1.755,0
-8.95,-0.441,1.748,0
-8.945,-0.527,1.741,0
-8.971,-0.6,1.678,0
-8.983,-0.628,1.586,0
-9.026,-0.602,1.491,0
-9.109,-0.547,1.374,0
-9.104,-0.516,1.262,0
-8.968,-0.499,1.237,0
-8.878,-0.491,1.202,0
-8.862,-0.442,1.117,0
-8.881,-0.436,1.096,0
-8.892,-0.442,1.045,0
-8.787,-0.407,1.099,0
-8.6,-0.373,1.088,0
-8.398,-0.379,1.055,0
-8.296,-0.456,0.984,0
-8.337,-0.57,0.897,0
-8.371,-0.663,0.835,0
-8.431,-0.684,0.776,0
-8.698,-0.59,0.655,0
-9.079,-0.38,0.484,0
-9.365,-0.146,0.369,0
-9.567,-0.029,0.347,0
-9.721,-0.044,0.396,0
-9.902,-0.145,0.444,0
-10.046,-0.283,0.413,0
-10.189,-0.42,0.6,0
-10.413,-0.538,0.911,0
-10.83,-0.558,1.827,0
-11.559,-0.33,2.995,0
-12.291,0.152,3.705,0
-12.639,0.625,3.656,0
-12.723,0.902,3.019,0
-12.525,0.786,2.445,0
-12.109,0.174,2.217,0
-11.759,-0.495,2.45,0
-11.618,-0.812,2.871,0
-11.367,-0.728,2.95,0
-11.046,-0.42,3.005,0
-10.778,-0.168,3.209,0
-10.387,-0.015,3.425,0
-9.848,0.186,3.525,0
-9.227,0.443,3.646,0
-8.625,0.745,3.593,0
-8.153,1.012,3.341,0
-8.014,1.287,3.004,0
-8.19,1.575,2.729,0
-8.594,1.827,2.514,0
-9.079,2.022,2.273,0
-9.355,2.179,2.026,0
-9.569,2.295,1.994,0
-9.629,2.32,1.999,0
-9.701,2.18,1.964,0
-9.813,2.033,2.167,0
-9.996,1.746,2.272,0
-10.18,1.365,2.211,0
-10.212,1.05,2.068,0
-10.074,0.803,1.94,0
-9.794,0.667,1.888,0
-9.574,0.61,1.801,0
-9.388,0.654,1.76,0
-9.283,0.764,1.755,0
-9.246,0.893,1.684,0
-9.294,1.018,1.542,0
-9.275,1.101,1.447,0
-9.22,1.187,1.531,0
-9.279,1.282,1.56,0
-9.265,1.364,1.623,0
-9.305,1.403,1.626,0
-9.303,1.45,1.582,0
-9.308,1.327,1.581,0
-9.32,1.144,1.513,0
-9.285,0.979,1.529,0
-9.268,0.835,1.559,0
-9.199,0.742,1.598,0
-9.122,0.643,1.741,0
-9.053,0.612,1.782,0
-9.031,0.612,1.791,0
-9.132,0.493,1.746,0
-9.147,0.522,1.708,0
-9.206,0.627,1.639,0
-9.267,0.74,1.508,0
-9.316,0.793,1.345,0
-9.271,0.808,1.206,0
-9.265,0.812,1.161,0
-9.29,0.689,1.132,0
-9.316,0.558,1.118,0
-9.185,0.326,0.968,0
-9.047,0.14,0.927,0
-9.074,0.045,0.876,0
-9.11,-0.043,0.783,0
-9.137,-0.106,0.732,0
-9.152,-0.126,0.64,0
-9.199,-0.089,0.539,0
-9.279,0.017,0.413,0
-9.305,0.154,0.325,0
-9.328,0.177,0.224,0
-9.433,0.206,0.148,0
-9.553,0.331,0.142,0
-9.625,0.348,0.056,0
-9.599,0.53,-0.035,0
-9.503,0.599,-0.054,0
-9.551,0.602,-0.129,0
-9.64,0.563,-0.241,0
-9.641,0.469,-0.404,0
-9.782,0.469,-0.515,0
-9.815,0.27,-0.761,0
-9.891,0.186,-0.883,0
-9.936,0.099,-0.835,0
-10.039,0.013,-0.596,0
-10.081,-0.04,-0.57,0
-9.981,-0.17,-0.429,0
-9.968,-0.039,-0.046,0
-10.225,0.371,0.582,0
-10.826,0.678,1.622,0
-11.587,0.695,2.797,0
-12.127,0.43,3.677,0
-11.99,-0.246,3.89,0
-11.593,-0.99,3.749,0
-11.106,-1.268,3.931,0
-10.784,-1.234,3.774,0
-10.369,-0.987,3.266,0
-9.624,-0.765,2.643,0
-8.823,-0.634,2.052,0
-8.376,-0.174,1.789,0
-8.321,0.521,1.876,0
-8.575,0.974,2.086,0
-9.076,0.984,2.303,0
-9.718,0.631,2.522,0
-10.442,0.111,2.696,0
-10.918,-0.463,2.756,0
-11.155,-1.065,2.766,0
-11.106,-1.544,2.74,0
-10.972,-1.741,2.581,0
-10.867,-1.522,2.275,0
-10.789,-1.257,2.108,0
-10.88,-0.938,2.28,0
-11.126,-0.385,2.339,0
-11.399,0.346,2.064,0
-11.366,0.919,1.704,0
-10.945,1.021,1.535,0
-10.644,0.784,1.48,0
-10.299,0.453,1.493,0
-10.017,0.258,1.504,0
-9.813,0.246,1.441,0
-9.674,0.231,1.413,0
-9.521,0.239,1.469,0
-9.498,0.134,1.549,0
-9.355,0.045,1.703,0
-9.222,-0.107,1.804,0
-9.032,-0.316,1.853,0
-8.939,-0.498,1.882,0
-9.039,-0.596,1.858,0
-9.146,-0.518,1.843,0
-9.212,-0.303,1.816,0
-9.218,-0.055,1.807,0
-9.211,0.204,1.736,0
-9.063,0.44,1.636,0
-9.014,0.573,1.488,0
-8.935,0.637,1.437,0
-9.014,0.832,1.371,0
-8.958,1.162,1.407,0
-8.832,1.355,1.354,0
-8.788,1.339,1.274,0
-8.892,1.188,1.158,0
-9.035,0.993,0.928,0
-9.208,0.848,0.84,0
-9.392,0.806,0.786,0
-9.395,0.778,0.717,0
-9.178,0.747,0.676,0
-8.95,0.824,0.575,0
-8.814,0.899,0.37,0
-8.792,0.926,0.209,0
-8.765,0.806,0.169,0
-8.812,0.56,0.152,0
-9.012,0.395,0.453,0
-9.285,0.361,0.762,0
-9.74,0.467,1.541,0
-10.509,0.781,2.64,0
-11.505,1.438,3.267,0
-12.136,2.161,2.785,0
-11.965,2.694,2.487,0
-11.398,2.813,2.66,0
-10.989,2.516,2.567,0
-10.544,1.809,2.584,0
-9.868,0.752,2.717,0
-9.327,-0.329,2.709,0
-9.179,-1.215,2.334,0
-9.424,-1.8,2.086,0
-10.014,-2.011,2.286,0
-10.565,-1.904,2.672,0
-10.654,-1.448,2.965,0
-10.323,-0.767,3.086,0
-10.057,-0.058,3.05,0
-9.836,0.446,2.939,0
-9.79,0.896,2.842,0
-9.734,1.426,2.474,0
-9.103,1.698,2.189,0
-9.064,1.851,2.018,0
-9.042,1.748,1.41,0
-9.2,1.655,1.096,0
-9.43,1.163,1.197,0
-9.528,0.807,1.617,0
-9.351,0.793,1.815,0
-9.345,0.885,1.868,0
-9.584,0.981,1.691,0
-9.837,1.139,1.579,0
-10.024,1.298,1.481,0
-10.041,1.502,1.478,0
-9.934,1.624,1.475,0
-9.683,1.401,1.544,0
-9.592,1.174,1.462,0
-9.52,1.024,1.374,0
-9.478,0.889,1.279,0
-9.515,0.744,1.196,0
-9.593,0.667,1.104,0
-9.654,0.7,1.037,0
-9.608,0.82,0.986,0
-9.465,0.95,0.973,0
-9.289,1.023,0.981,0
-9.181,1.033,0.956,0
-9.134,0.988,0.877,0
-9.014,0.939,0.794,0
-8.919,0.872,0.724,0
-8.879,0.749,0.651,0
-8.839,0.684,0.661,0
-8.728,0.655,0.741,0
-8.67,0.667,0.922,0
-8.629,0.785,1.083,0
-8.683,0.986,1.234,0
-8.899,1.127,1.442,0
-9.214,1.146,1.897,0
-9.566,1.042,2.461,0
-9.842,0.845,2.458,0
-9.887,0.69,2.4,0
-9.344,0.66,2.209,0
-9.0,0.646,2.188,0
-8.956,0.668,2.169,0
-8.795,0.936,2.087,0
-8.626,1.405,1.999,0
-8.564,1.847,1.919,0
-8.836,2.119,1.978,0
-9.286,2.127,2.035,0
-9.657,1.901,2.15,0
-9.785,1.616,2.378,0
-9.832,1.284,2.525,0
-9.779,0.904,2.524,0
-9.77,0.479,2.431,0
-9.742,0.044,2.257,0
-9.743,-0.334,2.047,0
-9.786,-0.5,1.86,0
-9.863,-0.485,1.701,0
-10.058,-0.339,1.599,0
-10.345,-0.15,1.514,0
-10.63,-0.014,1.406,0
-10.777,0.134,1.467,0
-10.9,0.214,1.522,0
-10.98,0.212,1.633,0
-11.061,0.131,1.793,0
-11.052,-0.015,1.822,0
-10.976,-0.133,1.766,0
-10.876,-0.195,1.7,0
-10.707,-0.245,1.625,0
-10.492,-0.283,1.558,0
-10.314,-0.307,1.539,0
-10.116,-0.34,1.476,0
-9.928,-0.463,1.343,0
-9.968,-0.601,1.288,0
-9.96,-0.602,1.328,0
-9.767,-0.539,1.357,0
-9.533,-0.454,1.334,0
-9.414,-0.346,1.296,0
-9.32,-0.253,1.323,0
-9.187,-0.197,1.357,0
-9.062,-0.241,1.367,0
-8.96,-0.354,1.358,0
-8.908,-0.507,1.518,0
-8.899,-0.627,1.547,0
-9.021,-0.45,1.564,0
-8.689,-0.433,1.927,0
-8.872,-0.493,2.532,0
-9.45,-0.441,2.014,0
-9.647,-0.414,1.975,0
-10.337,-0.431,2.338,0
-10.683,-0.481,1.953,0
-10.722,-0.173,1.884,0
-10.576,0.113,2.412,0
-10.485,0.319,2.817,0
-10.283,0.543,3.028,0
-10.084,0.823,3.225,0
-10.182,0.983,3.021,0
-10.252,1.195,2.513,0
-10.036,0.987,2.025,0
-9.889,0.594,1.626,0
-9.708,0.14,1.324,0
-9.67,-0.554,1.13,0
-9.539,-1.102,0.957,0
-9.413,-1.552,0.831,0
-9.374,-1.782,0.705,0
-9.435,-1.706,0.609,0
-9.494,-1.319,0.587,0
-9.592,-0.714,0.639,0
-9.725,-0.017,0.729,0
-9.911,0.661,0.8,0
-10.074,1.306,0.84,0
-10.159,1.887,0.838,0
-10.235,2.332,0.821,0
-10.271,2.544,0.757,0
-10.21,2.501,0.677,0
-10.176,2.465,0.688,0
-10.153,2.32,0.646,0
-10.09,2.172,0.662,0
-10.045,1.999,0.635,0
-9.965,1.793,0.589,0
-9.806,1.58,0.617,0
-9.694,1.346,0.607,0
-9.623,1.189,0.587,0
-9.64,1.157,0.614,0
-9.603,1.269,0.653,0
-9.554,1.473,0.723,0
-9.53,1.655,0.7,0
-9.41,1.815,0.629,0
-9.292,1.962,0.637,0
-9.263,2.072,0.607,0
-9.275,2.195,0.622,0
-9.282,2.31,0.68,0
-9.186,2.453,0.668,0
-9.134,2.576,0.641,0
-9.049,2.685,0.621,0
-8.912,2.747,0.573,0
-8.744,2.796,0.484,0
-8.59,2.844,0.541,0
-8.664,2.843,0.861,0
-8.916,2.693,1.035,0
-9.103,2.439,1.215,0
-9.25,2.244,1.639,0
-9.438,2.035,1.849,0
-9.796,1.765,2.143,0
-10.179,1.391,2.287,0
-10.457,1.143,2.424,0
-10.493,1.225,2.471,0
-10.261,1.629,2.352,0
-10.109,1.989,2.231,0
-9.761,2.118,2.076,0
-9.414,2.042,1.97,0
-8.996,1.953,1.885,0
-8.671,1.852,1.898,0
-8.607,1.726,1.945,0
-8.892,1.408,2.065,0
-9.338,0.924,2.074,0
-9.611,0.434,2.09,0
-9.731,0.002,1.982,0
-9.76,-0.352,1.883,0
-9.803,-0.606,1.76,0
-9.788,-0.732,1.602,0
-9.864,-0.694,1.469,0
-9.943,-0.6,1.359,0
-10.046,-0.48,1.268,0
-10.255,-0.365,1.162,0
-10.357,-0.287,1.173,0
-10.424,-0.224,1.172,0
-10.527,-0.193,1.179,0
-10.555,-0.247,1.147,0
-10.583,-0.322,1.101,0
-10.578,-0.424,1.032,0
-10.474,-0.454,0.998,0
-10.405,-0.459,0.943,0
-10.321,-0.399,0.956,0
-10.185,-0.399,0.933,0
-10.14,-0.408,0.986,0
-10.094,-0.241,0.924,0
-9.814,-0.348,1.077,0
-9.922,-0.455,1.086,0
-9.756,-0.388,1.111,0
-9.627,-0.354,1.082,0
-9.493,-0.451,0.96,0
-9.536,-0.536,0.95,0
-9.585,-0.438,1.007,0
-9.561,-0.239,1.12,0
-9.487,0.055,1.176,0
-9.323,0.095,1.153,0
-9.245,-0.091,1.208,0
-9.381,-0.134,1.242,0
-9.534,-0.04,1.174,0
-9.549,-0.034,1.074,0
-9.533,-0.161,1.011,0
-9.59,-0.275,1.034,0
-9.596,-0.362,1.06,0
-9.679,-0.369,1.103,0
-9.835,-0.187,1.122,0
-9.894,0.052,1.126,0
-9.871,0.193,1.116,0
-9.925,0.296,1.103,0
-10.061,0.334,0.913,0
-10.204,0.285,0.805,0
-10.384,0.272,0.787,0
-10.49,0.311,0.839,0
-10.567,0.315,1.048,0
-10.674,0.324,1.297,0
-10.979,0.448,1.851,0
-11.499,0.665,2.112,0
-11.801,0.946,2.034,0
-11.888,1.087,1.904,0
-11.836,1.084,1.63,0
-11.539,0.891,1.446,0
-11.031,0.552,1.315,0
-10.587,0.171,1.429,0
-10.22,-0.2,1.466,0
-9.921,-0.456,1.513,0
-9.716,-0.63,1.513,0
-9.456,-0.656,1.445,0
-9.222,-0.518,1.395,0
-8.914,-0.25,1.426,0
-8.673,0.083,1.473,0
-8.547,0.473,1.436,0
-8.615,0.809,1.292,0
-8.644,1.086,1.153,0
-8.616,1.227,1.074,0
-8.596,1.261,0.97,0
-8.589,1.238,0.937,0
-8.692,1.168,0.956,0
-8.802,1.063,0.934,0
-8.963,0.942,0.81,0
-9.086,0.878,0.719,0
-9.201,0.858,0.635,0
-9.285,0.848,0.585,0
-9.298,0.861,0.538,0
-9.247,0.918,0.528,0
-9.183,0.942,0.429,0
-9.198,0.937,0.292,0
-9.325,1.005,0.208,0
-9.448,1.078,0.006,0
-9.553,1.195,-0.066,0
-9.621,1.323,-0.043,0
-9.629,1.417,0.013,0
-9.605,1.537,0.111,0
-9.534,1.69,0.238,0
-9.461,1.811,0.293,0
-9.353,1.94,0.319,0
-9.255,2.061,0.402,0
-9.221,2.076,0.492,0
-9.215,1.952,0.555,0
-9.149,1.771,0.621,0
-9.156,1.715,1.055,0
-9.432,1.64,1.666,0
-9.938,1.375,2.093,0
-10.527,1.008,2.44,0
-10.94,0.616,2.511,0
-10.915,0.422,2.258,0
-10.395,0.699,2.062,0
-9.763,1.282,1.929,0
-9.366,1.919,1.866,0
-9.126,2.452,1.744,0
-8.996,2.736,1.611,0
-8.956,2.691,1.589,0
-8.967,2.56,1.647,0
-9.098,2.404,1.759,0
-9.361,2.218,1.898,0
-9.653,1.885,2.072,0
-9.942,1.362,2.141,0
-10.038,0.802,2.183,0
-9.969,0.28,2.199,0
-9.798,-0.103,2.123,0
-9.611,-0.326,2.022,0
-9.585,-0.406,1.864,0
-9.592,-0.364,1.646,0
-9.728,-0.308,1.5,0
-9.916,-0.208,1.421,0
-10.152,-0.152,1.446,0
-10.367,-0.176,1.384,0
-10.462,-0.27,1.366,0
-10.582,-0.36,1.39,0
-10.668,-0.419,1.445,0
-10.703,-0.445,1.494,0
-10.704,-0.432,1.456,0
-10.663,-0.231,1.463,0
-10.487,-0.104,1.409,0
-10.466,-0.024,1.337,0
-10.423,-0.014,1.166,0
-10.252,-0.064,1.115,0
-10.256,-0.126,1.028,0
-10.082,-0.167,0.979,0
-9.839,-0.234,0.905,0
-9.609,-0.345,0.937,0
-9.578,-0.462,1.081,0
-9.621,-0.526,1.233,0
-9.588,-0.556,1.132,0
-9.491,-0.611,1.049,0
-9.48,-0.703,1.081,0
-9.616,-0.891,1.59,0
-9.841,-1.043,2.158,0
-10.035,-1.018,2.201,0
-10.328,-0.663,2.173,0
-10.567,-0.18,1.839,0
-10.649,0.327,1.754,0
-10.532,0.659,2.023,0
-10.208,0.789,2.271,0
-10.029,0.894,2.67,0
-10.213,0.986,3.014,0
-10.63,1.203,3.245,0
-10.882,1.38,2.966,0
-10.767,1.344,2.411,0
-10.35,0.943,2.078,0
-9.788,0.383,1.828,0
-9.402,-0.197,1.679,0
-9.161,-0.759,1.449,0
-9.083,-1.252,1.134,0
-9.038,-1.582,0.765,0
-9.168,-1.628,0.504,0
-9.437,-1.349,0.362,0
-9.761,-0.736,0.286,0
-10.159,0.022,0.25,0
-10.386,0.736,0.211,0
-10.46,1.297,0.219,0
-10.372,1.642,0.241,0
-10.11,1.863,0.282,0
-9.906,1.909,0.277,0
-9.768,1.738,0.217,0
-9.644,1.493,0.231,0
-9.521,1.292,0.212,0
-9.414,1.081,0.207,0
-9.348,0.886,0.18,0
-9.249,0.768,0.136,0
-9.114,0.736,0.097,0
-9.037,0.743,0.101,0
-9.032,0.824,0.104,0
-9.024,0.939,0.124,0
-8.997,1.018,0.135,0
-9.031,1.099,0.166,0
-9.139,1.201,0.232,0
-9.303,1.3,0.309,0
-9.31,1.366,0.485,0
-9.289,1.443,0.633,0
-9.371,1.493,0.643,0
-9.463,1.524,0.578,0
-9.502,1.586,0.535,0
-9.509,1.678,0.506,0
-9.482,1.784,0.463,0
-9.371,1.937,0.508,0
-9.285,2.042,0.536,0
-9.139,2.092,0.511,0
-8.975,2.066,0.339,0
-8.848,2.014,0.168,0
-8.783,1.959,0.184,0
-8.772,1.911,0.235,0
-8.921,1.859,0.487,0
-9.422,1.697,1.143,0
-10.246,1.354,1.965,0
-11.054,0.883,2.352,0
-11.631,0.333,2.514,0
-11.769,-0.223,2.252,0
-11.247,-0.32,1.975,0
-10.538,0.19,1.853,0
-9.985,1.013,1.831,0
-9.753,1.75,1.841,0
-9.657,2.058,1.731,0
-9.529,2.131,1.663,0
-9.401,2.276,1.7,0
-9.362,2.42,1.829,0
-9.331,2.356,1.911,0
-9.283,2.037,1.998,0
-9.264,1.513,2.154,0
-9.359,0.949,2.206,0
-9.452,0.406,2.232,0
-9.553,-0.033,2.174,0
-9.591,-0.283,2.087,0
-9.587,-0.451,1.96,0
-9.57,-0.543,1.84,0
-9.575,-0.594,1.739,0
-9.617,-0.608,1.679,0
-9.693,-0.616,1.666,0
-9.81,-0.569,1.652,0
-9.906,-0.547,1.652,0
-10.048,-0.531,1.605,0
-10.138,-0.444,1.501,0
-10.188,-0.282,1.487,0
-10.255,-0.087,1.583,0
-10.362,0.057,1.595,0
-10.478,0.088,1.549,0
-10.541,0.02,1.482,0
-10.41,-0.206,1.328,0
-10.303,-0.587,1.257,0
-10.325,-0.758,1.333,0
-10.283,-0.663,1.399,0
-10.349,-0.52,1.37,0
-10.349,-0.354,1.351,0
-10.142,-0.275,1.413,0
-9.957,-0.286,1.442,0
-9.756,-0.363,1.367,0
-9.661,-0.433,1.391,0
-9.532,-0.54,1.396,0
-9.535,-0.559,1.294,0
-9.519,-0.493,1.156,0
-9.365,-0.536,1.169,0
-9.37,-0.662,1.201,0
-9.472,-0.797,1.534,0
-9.687,-0.843,1.799,0
-9.891,-0.808,1.523,0
-9.973,-0.725,1.424,0
-10.049,-0.651,1.084,0
-10.105,-0.533,0.984,0
-10.145,-0.445,1.239,0
-10.126,-0.403,1.471,0
-10.16,-0.446,1.776,0
-10.416,-0.354,2.198,0
-10.811,0.002,2.477,0
-11.367,0.648,2.643,0
-11.687,1.383,2.195,0
-11.489,1.933,1.715,0
-10.795,1.867,1.411,0
-10.144,1.282,1.281,0
-9.941,0.748,1.279,0
-9.997,0.329,1.236,0
-10.097,0.0,1.179,0
-10.167,-0.294,1.137,0
-10.174,-0.448,1.151,0
-9.992,-0.449,1.138,0
-9.741,-0.259,1.094,0
-9.481,0.122,0.998,0
-9.296,0.594,0.919,0
-9.277,1.023,0.832,0
-9.26,1.272,0.756,0
-9.233,1.344,0.72,0
-9.21,1.295,0.684,0
-9.231,1.213,0.665,0
-9.241,1.106,0.57,0
-9.229,0.997,0.429,0
-9.127,0.935,0.296,0
-9.053,0.933,0.284,0
-9.012,0.97,0.282,0
-8.912,0.98,0.273,0
-8.874,0.967,0.212,0
-8.903,1.003,0.177,0
-8.908,1.065,0.158,0
-8.926,1.125,0.102,0
-9.02,1.207,0.032,0
-9.126,1.281,-0.066,0
-9.214,1.304,-0.117,0
-9.254,1.305,-0.125,0
-9.199,1.314,-0.158,0
-9.111,1.379,-0.182,0
-9.019,1.482,-0.163,0
-8.999,1.595,-0.118,0
-9.034,1.69,-0.041,0
-9.065,1.8,0.142,0
-9.102,1.834,0.252,0
-9.175,1.825,0.338,0
-9.225,1.811,0.555,0
-9.324,1.805,0.863,0
-9.583,1.749,1.253,0
-9.868,1.675,1.673,0
-10.253,1.526,2.131,0
-10.653,1.304,2.361,0
-10.622,1.223,2.415,0
-10.079,1.398,2.268,0
-9.407,1.7,2.011,0
-8.972,1.844,1.81,0
-8.797,1.96,1.795,0
-8.911,1.936,1.757,0
-9.196,1.907,1.804,0
-9.63,1.953,1.847,0
-10.086,1.884,1.939,0
-10.457,1.613,2.072,0
-10.546,1.287,2.134,0
-10.344,0.894,2.208,0
-10.078,0.486,2.159,0
-9.767,0.146,2.027,0
-9.7,-0.017,1.911,0
-9.783,-0.144,1.791,0
-9.951,-0.245,1.668,0
-10.194,-0.354,1.515,0
-10.35,-0.437,1.446,0
-10.49,-0.502,1.457,0
-10.711,-0.511,1.575,0
-10.877,-0.464,1.626,0
-10.887,-0.401,1.684,0
-10.915,-0.33,1.692,0
-10.813,-0.347,1.615,0
-10.679,-0.356,1.467,0
-10.568,-0.343,1.299,0
-10.419,-0.282,1.214,0
-10.264,-0.23,1.146,0
-10.229,-0.138,1.133,0
-10.222,-0.016,1.095,0
-10.108,0.043,1.123,0
-9.896,-0.012,1.065,0
-9.744,-0.143,1.034,0
-9.603,-0.26,1.013,0
-9.505,-0.229,1.137,0
-9.446,-0.127,1.091,0
-9.379,0.002,1.141,0
-9.266,0.08,1.091,0
-9.077,0.085,1.119,0
-9.05,0.086,1.153,0
-9.076,0.09,1.248,0
-9.187,0.038,1.178,0
-9.29,0.058,1.038,0
-9.356,0.178,0.962,0
-9.438,0.241,1.206,0
-9.696,0.24,1.489,0
-9.913,0.195,1.45,0
-10.031,0.186,1.492,0
-10.225,0.215,1.677,0
-10.421,0.333,1.597,0
-10.421,0.588,1.032,0
-10.399,0.793,1.194,0
-10.421,0.847,1.236,0
-10.768,0.973,1.305,0
-10.882,1.007,1.254,0
-10.806,0.789,1.203,0
-10.762,0.41,1.05,0
-10.756,0.016,0.974,0
-10.728,-0.338,1.0,0
-10.518,-0.493,1.056,0
-10.203,-0.412,1.182,0
-9.901,-0.261,1.239,0
-9.591,0.061,1.315,0
-9.228,0.421,1.356,0
-8.899,0.76,1.26,0
-8.634,1.085,1.121,0
-8.397,1.303,0.948,0
-8.34,1.373,0.83,0
-8.502,1.334,0.792,0
-8.732,1.28,0.789,0
-8.963,1.302,0.792,0
-9.2,1.344,0.791,0
-9.394,1.386,0.872,0
-9.51,1.49,1.007,0
-9.563,1.645,1.123,0
-9.542,1.805,1.157,0
-9.473,1.956,1.141,0
-9.436,2.1,1.161,0
-9.43,2.224,1.168,0
-9.492,2.256,1.167,0
-9.593,2.227,1.167,0
-9.686,2.195,1.126,0
-9.799,2.159,1.075,0
-9.93,2.061,1.061,0
-9.984,1.977,1.091,0
-10.051,1.882,1.162,0
-10.121,1.79,1.232,0
-10.103,1.729,1.284,0
-10.113,1.672,1.311,0
-10.107,1.663,1.315,0
-10.106,1.666,1.316,0
-10.042,1.67,1.383,0
-9.982,1.622,1.422,0
-9.873,1.609,1.468,0
-9.775,1.623,1.501,0
-9.713,1.634,1.504,0
-9.645,1.655,1.499,0
-9.574,1.673,1.508,0
-9.512,1.711,1.511,0
-9.459,1.704,1.549,0
-9.453,1.599,1.619,0
-9.509,1.429,1.709,0
-9.549,1.309,1.762,0
-9.547,1.274,1.779,0
-9.599,1.278,1.794,0
-9.755,1.329,1.81,0
-9.865,1.448,1.896,0
-9.874,1.59,1.991,0
-9.862,1.579,2.006,0
-9.751,1.486,2.049,0
-9.681,1.33,2.084,0
-9.613,1.115,2.105,0
-9.533,0.921,2.184,0
-9.527,0.785,2.231,0
-9.53,0.716,2.303,0
-9.61,0.716,2.325,0
-9.675,0.785,2.398,0
-9.742,0.906,2.268,0
-9.815,1.063,2.176,0
-9.697,1.134,2.028,0
-9.476,1.219,1.885,0
-9.345,1.296,1.738,0
-9.337,1.36,1.64,0
-9.435,1.377,1.535,0
-9.543,1.167,1.471,0
-9.698,0.849,1.32,0
-9.884,0.535,1.271,0
-9.973,0.264,1.228,0
-10.014,0.037,1.198,0
-10.12,-0.164,1.163,0
-10.152,-0.3,1.114,0
-10.052,-0.367,1.054,0
-9.977,-0.403,0.979,0
-9.969,-0.369,0.953,0
-9.966,-0.194,0.936,0
-9.991,0.082,0.937,0
-9.934,0.26,0.874,0
-9.816,0.288,0.799,0
-9.677,0.182,0.794,0
-9.575,0.01,0.887,0
-9.55,-0.122,1.0,0
-9.562,-0.238,1.07,0
-9.55,-0.344,1.131,0
-9.496,-0.46,1.185,0
-9.451,-0.554,1.233,0
-9.453,-0.655,1.306,0
-9.49,-0.739,1.409,0
-9.586,-0.805,1.483,0
-9.714,-0.837,1.541,0
-9.829,-0.837,1.679,0
-9.892,-0.784,1.802,0
-9.937,-0.742,1.947,0
-9.988,-0.705,2.103,0
-10.055,-0.644,2.137,0
-10.064,-0.602,2.065,0
-9.95,-0.573,1.936,0
-9.726,-0.541,1.861,0
-9.531,-0.503,1.776,0
-9.391,-0.513,1.681,0
-9.331,-0.549,1.66,0
-9.34,-0.566,1.63,0
-9.348,-0.583,1.644,0
-9.346,-0.596,1.722,0
-9.298,-0.593,1.844,0
-9.242,-0.509,1.982,0
-9.185,-0.367,2.062,0
-9.177,-0.145,2.08,0
-9.239,0.127,2.016,0
-9.28,0.404,1.948,0
-9.235,0.687,1.892,0
-9.195,0.918,1.864,0
-9.268,1.156,1.798,0
-9.414,1.372,1.752,0
-9.55,1.469,1.709,0
-9.719,1.509,1.691,0
-9.858,1.5,1.718,0
-9.898,1.469,1.738,0
-9.866,1.455,1.72,0
-9.864,1.469,1.682,0
-9.88,1.502,1.588,0
-9.883,1.576,1.506,0
-9.882,1.674,1.46,0
-9.929,1.747,1.44,0
-10.061,1.814,1.462,0
-10.26,1.857,1.476,0
-10.43,1.874,1.441,0
-10.481,1.884,1.386,0
-10.404,1.92,1.304,0
-10.286,1.972,1.238,0
-10.127,2.063,1.178,0
-9.908,2.159,1.127,0
-9.757,2.185,1.147,0
-9.629,2.13,1.082,0
-9.447,2.04,1.005,0
-9.343,1.951,0.891,0
-9.36,1.776,0.833,0
-9.452,1.515,0.823,0
-9.433,1.362,0.842,0
-9.319,1.29,0.913,0
-9.301,1.299,0.987,0
-9.377,1.312,0.964,0
-9.34,1.363,0.93,0
-9.212,1.436,0.866,0
-9.281,1.538,1.473,0
-9.791,1.257,1.772,0
-10.226,0.881,1.889,0
-10.147,0.551,1.458,0
-9.931,0.382,1.136,0
-9.86,0.427,1.551,0
-10.061,0.484,1.671,0
-10.491,0.569,1.877,0
-10.665,0.566,2.015,0
-10.66,0.556,1.933,0
-10.448,0.658,1.764,0
-10.082,0.75,1.736,0
-9.896,0.789,1.656,0
-9.741,0.753,1.685,0
-9.474,0.616,1.749,0
-9.353,0.492,1.688,0
-9.325,0.464,1.516,0
-9.36,0.497,1.387,0
-9.385,0.575,1.281,0
-9.38,0.637,1.178,0
-9.387,0.668,1.132,0
-9.463,0.601,1.163,0
-9.537,0.392,1.174,0
-9.658,0.162,1.146,0
-9.798,-0.01,1.1,0
-9.947,-0.095,1.066,0
-10.134,-0.074,1.013,0
-10.234,0.032,0.96,0
-10.244,0.13,0.918,0
-10.24,0.12,0.811,0
-10.15,0.016,0.724,0
-10.05,-0.171,0.68,0
-9.991,-0.359,0.624,0
-9.916,-0.477,0.574,0
-9.83,-0.552,0.51,0
-9.767,-0.615,0.435,0
-9.742,-0.661,0.436,0
-9.686,-0.691,0.496,0
-9.668,-0.745,0.588,0
-9.732,-0.806,0.688,0
-9.752,-0.888,0.76,0
-9.672,-0.95,0.814,0
-9.547,-1.044,0.844,0
-9.523,-1.066,0.856,0
-9.428,-1.092,0.946,0
-9.355,-1.116,1.073,0
-9.345,-1.148,1.147,0
-9.43,-1.109,1.159,0
-9.326,-0.997,1.115,0
-9.267,-0.901,1.297,0
-9.482,-0.723,1.941,0
-9.913,-0.435,2.504,0
-10.47,-0.043,2.649,0
-10.863,0.258,2.608,0
-10.776,0.292,2.328,0
-10.544,-0.088,2.085,0
-10.32,-0.63,1.769,0
-10.118,-1.022,1.634,0
-9.959,-1.161,1.647,0
-9.789,-1.175,1.62,0
-9.551,-1.333,1.509,0
-9.351,-1.615,1.537,0
-9.25,-1.812,1.538,0
-9.192,-1.937,1.568,0
-9.051,-1.908,1.739,0
-8.943,-1.763,2.044,0
-8.937,-1.403,2.337,0
-9.053,-0.921,2.477,0
-9.077,-0.358,2.509,0
-9.044,0.3,2.402,0
-9.02,0.734,2.238,0
-8.921,0.995,2.161,0
-8.871,1.1,2.016,0
-8.9,1.205,1.835,0
-8.994,1.264,1.704,0
-9.189,1.211,1.625,0
-9.454,1.113,1.591,0
-9.72,1.063,1.679,0
-10.01,1.081,1.774,0
-10.249,1.15,1.89,0
-10.433,1.205,1.937,0
-10.552,1.247,1.857,0
-10.602,1.298,1.779,0
-10.679,1.355,1.78,0
-10.743,1.39,1.79,0
-10.771,1.381,1.779,0
-10.747,1.338,1.792,0
-10.659,1.349,1.786,0
-10.541,1.407,1.741,0
-10.403,1.451,1.679,0
-10.301,1.482,1.585,0
-10.222,1.415,1.607,0
-10.109,1.349,1.61,0
-9.884,1.287,1.632,0
-9.777,1.186,1.618,0
-9.688,1.128,1.666,0
-9.577,1.003,1.75,0
-9.49,0.893,1.797,0
-9.326,0.832,1.846,0
-9.051,0.915,1.906,0
-8.748,1.094,1.885,0
-8.629,1.233,2.132,0
-8.865,1.234,2.519,0
-9.297,1.112,2.498,0
-9.6,1.034,2.33,0
-9.564,0.738,1.687,0
-9.408,0.589,1.723,0
-9.265,0.51,1.905,0
-9.368,0.481,2.102,0
-9.658,0.562,2.332,0
-9.957,0.708,2.42,0
-10.076,0.753,2.265,0
-9.998,0.676,2.058,0
-9.953,0.602,1.961,0
-9.963,0.529,2.039,0
-10.044,0.424,2.129,0
-10.184,0.247,2.121,0
-10.291,0.128,2.068,0
-10.358,0.201,1.986,0
-10.306,0.363,1.99,0
-10.091,0.538,1.97,0
-9.846,0.635,1.859,0
-9.632,0.698,1.75,0
-9.41,0.65,1.702,0
-9.237,0.566,1.657,0
-9.133,0.454,1.588,0
-9.178,0.394,1.437,0
-9.271,0.396,1.254,0
-9.324,0.488,1.082,0
-9.336,0.602,0.973,0
-9.385,0.716,0.931,0
-9.46,0.769,0.866,0
-9.529,0.649,0.853,0
-9.584,0.373,0.886,0
-9.644,0.114,0.927,0
-9.677,-0.095,0.874,0
-9.587,-0.296,0.832,0
-9.559,-0.503,0.794,0
-9.489,-0.656,0.733,0
-9.487,-0.641,0.716,0
-9.48,-0.533,0.812,0
-9.55,-0.525,0.756,0
-9.648,-0.592,0.686,0
-9.71,-0.727,0.71,0
-9.746,-0.905,0.782,0
-9.713,-1.0,0.823,0
-9.623,-1.076,0.829,0
-9.595,-1.156,0.825,0
-9.595,-1.197,0.929,0
-9.588,-1.193,0.955,0
-9.608,-1.24,1.032,0
-9.66,-1.252,1.252,0
-9.69,-1.117,1.577,0
-9.862,-0.893,2.063,0
-10.089,-0.571,2.392,0
-10.241,-0.269,2.555,0
-10.246,-0.123,2.475,0
-10.037,-0.089,2.101,0
-9.661,-0.244,1.881,0
-9.408,-0.464,1.855,0
-9.439,-0.692,1.906,0
-9.567,-0.994,1.896,0
-9.599,-1.311,1.865,0
-9.581,-1.6,1.828,0
-9.468,-1.821,1.729,0
-9.334,-1.943,1.707,0
-9.323,-1.943,1.855,0
-9.519,-1.808,2.09,0
-9.857,-1.493,2.324,0
-10.265,-1.0,2.497,0
-10.578,-0.352,2.549,0
-10.641,0.337,2.584,0
-10.531,0.865,2.517,0
-10.287,1.179,2.389,0
-9.994,1.288,2.233,0
-9.709,1.256,2.066,0
-9.588,1.18,1.852,0
-9.691,1.105,1.681,0
-9.849,1.036,1.625,0
-9.994,1.029,1.682,0
-10.121,1.064,1.753,0
-10.173,1.18,1.874,0
-10.213,1.305,1.942,0
-10.213,1.402,1.92,0
-10.17,1.474,1.874,0
-10.07,1.582,1.85,0
-9.927,1.722,1.787,0
-9.8,1.838,1.714,0
-9.68,1.914,1.645,0
-9.537,1.952,1.605,0
-9.387,1.983,1.54,0
-9.275,2.001,1.449,0
-9.268,1.978,1.357,0
-9.303,1.908,1.323,0
-9.3,1.758,1.27,0
-9.199,1.635,1.279,0
-9.092,1.519,1.311,0
-9.07,1.377,1.289,0
-9.056,1.349,1.338,0
-9.138,1.354,1.369,0
-9.315,1.267,1.492,0
-9.444,1.147,1.608,0
-9.314,1.078,1.608,0
-9.175,1.111,1.607,0
-9.112,1.286,1.74,0
-9.312,1.416,2.133,0
-9.576,1.329,2.228,0
-9.659,1.207,2.332,0
-9.872,1.078,2.619,0
-10.15,0.502,2.362,0
-10.306,-0.168,2.026,0
-10.422,-0.313,2.248,0
-10.468,-0.201,2.458,0
-10.38,-0.044,2.597,0
-10.092,0.059,2.581,0
-9.82,0.07,2.35,0
-9.581,0.089,1.977,0
-9.389,0.304,1.732,0
-9.254,0.576,1.583,0
-9.122,0.761,1.481,0
-9.131,0.861,1.336,0
-9.174,0.918,1.175,0
-9.207,0.961,1.129,0
-9.297,0.932,1.187,0
-9.472,0.708,1.307,0
-9.768,0.281,1.375,0
-10.001,-0.229,1.426,0
-10.132,-0.618,1.517,0
-10.238,-0.81,1.623,0
-10.281,-0.76,1.72,0
-10.306,-0.533,1.753,0
-10.32,-0.243,1.725,0
-10.269,0.024,1.671,0
-10.183,0.242,1.593,0
-10.165,0.368,1.437,0
-10.157,0.362,1.306,0
-10.066,0.265,1.207,0
-9.887,0.153,1.142,0
-9.791,0.002,1.106,0
-9.73,-0.205,1.098,0
-9.682,-0.375,0.998,0
-9.524,-0.545,0.971,0
-9.549,-0.634,0.929,0
-9.489,-0.614,0.889,0
-9.409,-0.589,0.919,0
-9.422,-0.654,0.927,0
-9.394,-0.736,0.881,0
-9.345,-0.749,0.883,0
-9.28,-0.682,0.924,0
-9.272,-0.625,1.049,0
-9.315,-0.693,1.186,0
-9.35,-0.797,1.341,0
-9.482,-0.902,1.477,0
-9.617,-0.93,1.754,0
-9.604,-0.747,2.106,0
-9.625,-0.479,2.18,0
-9.697,-0.251,1.91,0
-9.766,-0.131,1.804,0
-9.783,-0.085,1.76,0
-9.755,-0.187,1.722,0
-9.76,-0.583,1.703,0
-9.724,-1.11,1.649,0
-9.468,-1.481,1.612,0
-9.055,-1.608,1.593,0
-8.718,-1.573,1.593,0
-8.579,-1.437,1.66,0
-8.587,-1.236,1.912,0
-8.699,-0.953,2.163,0
-8.908,-0.607,2.288,0
-9.174,-0.144,2.337,0
-9.434,0.369,2.299,0
-9.682,0.801,2.141,0
-9.93,1.13,1.916,0
-10.095,1.371,1.74,0
-10.182,1.474,1.583,0
-10.257,1.459,1.462,0
-10.378,1.369,1.367,0
-10.477,1.284,1.362,0
-10.614,1.236,1.44,0
-10.827,1.136,1.535,0
-11.043,1.047,1.661,0
-11.321,0.998,1.75,0
-11.467,1.048,1.778,0
-11.498,1.182,1.825,0
-11.45,1.329,1.76,0
-11.273,1.534,1.649,0
-11.189,1.656,1.624,0
-11.011,1.695,1.721,0
-10.809,1.674,1.772,0
-10.596,1.661,1.709,0
-10.368,1.67,1.677,0
-10.12,1.612,1.561,0
-9.8,1.568,1.462,0
-9.579,1.501,1.397,0
-9.39,1.343,1.333,0
-9.101,1.193,1.233,0
-8.927,1.032,1.221,0
-8.829,0.819,1.225,0
-8.781,0.56,1.191,0
-8.654,0.358,1.174,0
-8.409,0.368,1.201,0
-8.119,0.584,1.183,0
-7.981,0.754,1.127,0
-7.991,0.846,1.292,0
-8.391,0.851,1.976,0
-9.082,0.618,1.985,0
-9.503,0.44,1.879,0
-9.627,0.342,1.282,0
-9.505,0.533,1.32,0
-9.408,0.644,1.783,0
-9.586,0.671,2.065,0
-9.725,0.606,2.194,0
-9.768,0.406,2.145,0
-9.785,0.166,1.935,0
-9.702,0.086,1.617,0
-9.74,0.165,1.484,0
-10.03,0.158,1.601,0
-10.326,0.124,1.824,0
-10.422,0.002,1.95,0
-10.369,-0.078,1.981,0
-10.306,0.021,1.948,0
-10.144,0.189,1.927,0
-9.972,0.345,1.876,0
-9.786,0.405,1.841,0
-9.617,0.391,1.838,0
-9.469,0.391,1.886,0
-9.362,0.375,1.958,0
-9.371,0.406,1.966,0
-9.404,0.463,1.968,0
-9.445,0.55,1.884,0
-9.569,0.569,1.794,0
-9.769,0.529,1.743,0
-9.937,0.406,1.728,0
-10.011,0.214,1.69,0
-10.021,0.002,1.64,0
-10.01,-0.2,1.594,0
-9.982,-0.36,1.523,0
-9.981,-0.504,1.508,0
-10.033,-0.608,1.491,0
-10.054,-0.711,1.469,0
-10.007,-0.848,1.478,0
-9.969,-0.949,1.519,0
-9.97,-0.978,1.507,0
-9.846,-1.043,1.548,0
-9.842,-1.044,1.564,0
-9.767,-1.037,1.542,0
-9.622,-1.037,1.535,0
-9.592,-1.05,1.501,0
-9.635,-0.985,1.438,0
-9.606,-0.949,1.443,0
-9.581,-0.949,1.516,0
-9.639,-0.952,1.623,0
-9.728,-0.942,1.686,0
-9.757,-0.924,1.662,0
-9.762,-0.904,1.659,0
-9.753,-0.859,1.681,0
-9.736,-0.816,1.739,0
-9.694,-0.807,1.887,0
-9.625,-0.878,2.01,0
-9.631,-0.938,2.067,0
-9.691,-0.942,2.017,0
-9.697,-0.942,1.894,0
-9.68,-1.05,1.722,0
-9.63,-1.114,1.619,0
-9.534,-1.053,1.539,0
-9.488,-0.986,1.501,0
-9.533,-0.931,1.517,0
-9.606,-0.932,1.533,0
-9.618,-0.996,1.506,0
-9.528,-1.133,1.481,0
-9.429,-1.365,1.493,0
-9.397,-1.612,1.537,0
-9.38,-1.794,1.634,0
-9.326,-1.815,1.768,0
-9.227,-1.726,1.872,0
-9.199,-1.562,2.05,0
-9.305,-1.338,2.137,0
-9.465,-1.044,2.184,0
-9.652,-0.74,2.198,0
-9.896,-0.468,2.173,0
-10.028,-0.211,2.142,0
-10.054,0.009,2.079,0
-10.033,0.147,1.987,0
-10.007,0.223,1.853,0
-9.905,0.248,1.819,0
-9.708,0.23,1.814,0
-9.563,0.169,1.751,0
-9.452,0.097,1.696,0
-9.426,0.076,1.679,0
-9.404,0.113,1.683,0
-9.389,0.243,1.717,0
-9.442,0.399,1.759,0
-9.543,0.583,1.769,0
-9.614,0.811,1.747,0
-9.718,1.056,1.776,0
-9.87,1.288,1.834,0
-9.996,1.503,1.882,0
-10.058,1.658,1.894,0
-10.058,1.787,1.89,0
-10.076,1.841,1.93,0
-10.176,1.888,1.963,0
-10.246,1.887,1.978,0
-10.302,1.825,1.966,0
-10.312,1.789,1.986,0
-10.374,1.731,2.09,0
-10.411,1.597,2.107,0
-10.334,1.524,1.981,0
-10.217,1.527,1.823,0
-10.129,1.598,1.707,0
-10.074,1.653,1.667,0
-10.034,1.6,1.663,0
-10.001,1.458,1.66,0
-9.964,1.311,1.633,0
-9.959,1.183,1.605,0
-9.778,1.183,1.692,0
-9.789,1.193,1.67,0
-9.853,1.286,1.609,0
-9.806,1.34,1.581,0
-9.778,1.245,1.502,0
-9.732,1.074,1.46,0
-9.649,0.879,1.44,0
-9.595,0.73,1.41,0
-9.56,0.628,1.39,0
-9.506,0.634,1.37,0
-9.569,0.524,1.353,0
-9.533,0.466,1.291,0
-9.401,0.46,1.249,0
-9.332,0.455,1.198,0
-9.29,0.503,1.118,0
-9.282,0.531,1.028,0
-9.243,0.567,0.962,0
-9.226,0.598,0.904,0
-9.263,0.572,0.824,0
-9.286,0.513,0.763,0
-9.312,0.407,0.722,0
-9.293,0.287,0.703,0
-9.243,0.176,0.708,0
-9.186,0.116,0.719,0
-9.069,0.1,0.699,0
-8.959,0.133,0.678,0
-8.87,0.165,0.65,0
-8.777,0.192,0.634,0
-8.735,0.189,0.585,0
-8.745,0.191,0.567,0
-8.816,0.219,0.598,0
-8.926,0.215,0.573,0
-9.025,0.136,0.525,0
-9.176,0.079,0.461,0
-9.278,-0.05,0.447,0
-9.28,-0.171,0.38,0
-9.274,-0.215,0.338,0
-9.314,-0.254,0.323,0
-9.432,-0.358,0.289,0
-9.49,-0.468,0.176,0
-9.508,-0.523,0.038,0
-9.714,-0.533,0.243,0
-10.179,-0.614,0.832,0
-11.059,-0.795,1.647,0
-12.032,-1.334,2.032,0
-12.486,-2.029,2.059,0
-12.16,-2.195,1.806,0
-11.631,-1.566,1.742,0
-11.596,-0.822,2.07,0
-12.024,-0.328,2.406,0
-12.092,0.011,2.42,0
-11.597,0.484,2.233,0
-11.113,1.017,2.001,0
-11.016,1.359,1.951,0
-11.134,1.688,1.943,0
-11.251,1.927,2.049,0
-11.047,2.093,2.367,0
-10.682,2.078,2.726,0
-10.166,1.795,3.01,0
-9.573,1.246,3.254,0
-9.155,0.494,3.42,0
-8.952,-0.162,3.451,0
-8.779,-0.499,3.275,0
-8.643,-0.653,3.132,0
-8.673,-0.619,3.033,0
-8.856,-0.395,2.865,0
-9.053,-0.06,2.791,0
-9.356,0.346,2.687,0
-9.459,0.684,2.53,0
-9.488,0.886,2.44,0
-9.544,0.876,2.26,0
-9.505,0.783,2.187,0
-9.556,0.604,2.305,0
-9.731,0.448,2.393,0
-9.788,0.34,2.303,0
-9.745,0.164,2.19,0
-9.63,-0.022,2.165,0
-9.435,-0.169,2.177,0
-9.317,-0.137,2.218,0
-9.293,-0.059,2.265,0
-9.325,0.012,2.274,0
-9.388,0.068,2.222,0
-9.351,0.033,2.112,0
-9.188,-0.074,2.035,0
-9.014,-0.185,1.988,0
-8.899,-0.35,1.903,0
-8.834,-0.483,1.857,0
-8.759,-0.571,1.819,0
-8.702,-0.655,1.786,0
-8.686,-0.708,1.722,0
-8.642,-0.696,1.642,0
-8.577,-0.682,1.624,0
-8.56,-0.634,1.611,0
-8.55,-0.467,1.549,0
-8.559,-0.275,1.504,0
-8.608,-0.098,1.453,0
-8.679,0.063,1.343,0
-8.732,0.204,1.244,0
-8.752,0.359,1.149,0
-8.769,0.48,1.027,0
-8.822,0.517,0.956,0
-8.827,0.497,0.968,0
-8.722,0.483,1.005,0
-8.694,0.398,1.055,0
-8.745,0.247,0.997,0
-8.75,0.025,0.844,0
-8.804,-0.3,0.73,0
-8.951,-0.647,0.652,0
-9.163,-0.871,0.751,0
-9.499,-1.017,0.937,0
-9.79,-1.047,1.054,0
-9.95,-0.995,1.092,0
-10.085,-0.827,1.205,0
-10.184,-0.625,1.152,0
-10.295,-0.457,1.199,0
-10.475,-0.296,1.49,0
-10.786,-0.047,1.932,0
-11.489,0.316,2.827,0
-12.524,0.959,3.779,0
-13.648,1.841,4.251,0
-14.698,2.51,4.261,0
-15.162,2.592,4.006,0
-14.835,1.613,3.846,0
-13.12,-0.3,3.31,0
-11.408,-1.564,3.089,0
-10.636,-1.997,3.128,0
-10.005,-2.087,2.785,0
-9.303,-1.844,2.393,0
-8.607,-1.429,2.038,0
-8.001,-0.868,1.594,0
-7.382,-0.321,1.28,0
-6.945,0.262,1.32,0
-6.656,0.829,1.522,0
-6.643,1.224,1.878,0
-6.924,1.532,2.297,0
-7.64,1.782,2.565,0
-8.8,2.049,2.376,0
-9.919,2.358,2.09,0
-10.216,2.535,1.717,0
-10.12,2.395,1.978,0
-10.052,1.856,2.157,0
-10.088,1.144,1.977,0
-10.142,0.548,1.732,0
-10.146,0.408,1.551,0
-9.963,0.597,1.532,0
-9.852,0.884,1.568,0
-9.899,1.214,1.503,0
-9.901,1.451,1.521,0
-10.002,1.606,1.534,0
-10.044,1.727,1.527,0
-9.94,1.783,1.544,0
-9.777,1.735,1.514,0
-9.679,1.643,1.494,0
-9.537,1.487,1.494,0
-9.465,1.299,1.478,0
-9.386,1.146,1.448,0
-9.314,1.058,1.502,0
-9.274,0.997,1.448,0
-9.212,1.012,1.402,0
-9.083,1.093,1.398,0
-8.991,1.176,1.375,0
-9.014,1.185,1.355,0
-9.054,1.081,1.286,0
-9.084,0.892,1.194,0
-8.978,0.726,1.057,0
-8.888,0.561,0.918,0
-8.912,0.474,0.734,0
-8.91,0.43,0.584,0
-8.824,0.468,0.481,0
-8.621,0.505,0.39,0
-8.365,0.522,0.316,0
-8.162,0.46,0.255,0
-8.061,0.333,0.268,0
-8.074,0.243,0.392,0
-8.194,0.106,0.47,0
-8.473,0.002,0.318,0
-8.861,-0.039,0.311,0
-9.332,-0.091,0.331,0
-9.654,-0.102,0.259,0
-9.818,0.018,0.336,0
-9.882,0.154,0.422,0
-9.922,0.191,0.243,0
-9.96,0.131,-0.122,0
-9.894,0.036,-0.404,0
-9.638,0.177,-0.63,0
-9.563,0.465,-0.858,0
-9.826,0.659,-0.978,0
-10.188,0.971,-0.999,0
-10.43,1.4,-0.92,0
-10.68,1.758,-0.582,0
-11.001,1.961,-0.067,0
-11.328,1.854,0.413,0
-11.577,1.502,0.832,0
-11.597,1.107,1.228,0
-11.57,0.887,1.674,0
-11.538,0.789,2.293,0
-11.598,0.541,2.693,0
-11.662,0.177,2.344,0
-11.214,-0.013,1.796,0
-10.347,0.345,1.618,0
-9.697,1.017,1.732,0
-9.876,1.421,2.048,0
-10.441,1.421,2.346,0
-10.89,1.239,2.502,0
-11.267,0.94,2.549,0
-11.34,0.296,2.623,0
-11.297,-0.463,2.647,0
-11.333,-0.997,2.527,0
-11.314,-1.312,2.293,0
-11.086,-1.375,2.109,0
-10.858,-1.25,2.013,0
-10.889,-1.124,2.008,0
-10.954,-0.953,1.857,0
-10.89,-0.753,1.511,0
-11.115,-0.563,1.705,0
-11.187,-0.365,1.721,0
-11.295,-0.345,1.751,0
-11.084,-0.286,1.643,0
-10.64,-0.334,1.609,0
-10.137,-0.37,1.605,0
-9.757,-0.331,1.674,0
-9.576,-0.275,1.71,0
-9.498,-0.135,1.729,0
-9.422,-0.028,1.713,0
-9.325,-0.018,1.731,0
-9.214,-0.002,1.767,0
-9.014,-0.088,1.821,0
-8.901,-0.161,1.802,0
-8.878,-0.23,1.74,0
-8.834,-0.251,1.706,0
-8.772,-0.244,1.663,0
-8.742,-0.214,1.636,0
-8.691,-0.142,1.575,0
-8.687,-0.081,1.49,0
-8.709,-0.007,1.39,0
-8.758,0.119,1.284,0
-8.732,0.268,1.184,0
-8.548,0.356,1.031,0
-8.432,0.415,0.957,0
-8.235,0.461,0.864,0
-7.942,0.528,0.841,0
-7.829,0.628,1.115,0
-7.817,0.738,1.287,0
-8.026,0.868,1.451,0
-8.323,1.067,1.362,0
-8.654,1.128,1.414,0
-9.044,1.035,1.462,0
-9.412,0.901,1.574,0
-9.717,0.809,1.948,0
-10.111,0.786,2.211,0
-10.217,0.795,1.61,0
-10.097,0.867,1.661,0
-10.257,0.85,2.14,0
-10.613,0.609,2.055,0
-11.129,0.262,2.182,0
-11.461,-0.037,2.354,0
-11.507,-0.393,2.651,0
-11.261,-0.91,2.964,0
-11.068,-1.138,3.129,0
-11.127,-1.077,3.32,0
-10.971,-0.841,3.5,0
-10.381,-0.572,3.607,0
-9.77,-0.316,3.601,0
-9.436,0.006,3.432,0
-9.309,0.474,3.217,0
-9.151,0.958,3.073,0
-9.083,1.264,3.002,0
-9.143,1.408,2.864,0
-9.242,1.44,2.677,0
-9.406,1.404,2.597,0
-9.662,1.277,2.577,0
-9.839,1.135,2.541,0
-9.889,0.973,2.57,0
-9.9,0.851,2.522,0
-9.928,0.851,2.525,0
-9.891,0.938,2.38,0
-9.829,1.072,2.323,0
-9.847,1.139,2.447,0
-9.905,1.072,2.45,0
-9.965,1.027,2.419,0
-9.9,1.042,2.41,0
-9.812,1.148,2.482,0
-9.54,0.977,2.434,0
-9.217,0.901,2.55,0
-9.291,1.039,2.622,0
-9.253,1.133,2.259,0
-9.039,1.201,2.048,0
-8.888,1.082,2.022,0
-8.799,0.898,2.055,0
-8.814,0.741,2.453,0
-8.951,0.671,2.634,0
-8.983,0.829,2.655,0
-8.706,1.141,2.65,0
-8.518,1.373,2.593,0
-8.453,1.455,2.51,0
-8.364,1.475,2.456,0
-8.207,1.489,2.347,0
-8.135,1.583,2.261,0
-8.07,1.691,2.166,0
-7.947,1.696,2.105,0
-7.822,1.642,2.065,0
-7.8,1.618,2.073,0
-7.771,1.706,2.069,0
-7.799,1.843,2.075,0
-7.943,1.928,2.125,0
-8.276,1.867,2.44,0
-8.716,1.735,2.488,0
-9.063,1.67,2.453,0
-9.288,1.628,2.719,0
-9.522,1.506,2.886,0
-9.7,1.538,2.805,0
-9.56,1.842,2.822,0
-9.364,2.107,2.714,0
-9.407,2.216,2.665,0
-9.571,2.275,2.667,0
-9.78,2.355,2.706,0
-9.969,2.503,2.785,0
-10.25,2.445,2.883,0
-10.404,2.363,2.817,0
-10.255,2.253,2.744,0
-9.928,2.344,2.878,0
-9.83,2.189,3.07,0
-9.998,2.204,3.117,0
-10.14,1.947,3.092,0
-10.009,1.756,3.05,0
-9.732,1.765,3.082,0
-9.536,1.52,3.038,0
-9.395,1.308,2.85,0
-9.203,0.938,2.683,0
-9.042,0.602,2.505,0
-8.979,0.307,2.253,0
-8.996,0.037,2.002,0
-9.061,-0.19,1.834,0
-9.239,-0.372,1.727,0
-9.452,-0.4,1.499,0
-9.688,-0.441,1.267,0
-9.878,-0.315,1.126,0
-10.033,-0.224,1.012,0
-10.33,-0.205,0.916,0
-10.476,0.079,0.816,0
-10.633,-0.062,0.858,0
-10.74,0.03,0.839,0
-10.877,-0.032,1.032,0
-11.012,0.071,1.167,0
-11.07,0.195,1.125,0
-11.042,0.22,1.039,0
-10.841,0.248,0.864,0
-10.571,0.136,0.779,0
-10.279,0.066,0.754,0
-10.02,-0.017,0.862,0
-9.967,-0.01,0.932,0
-9.956,-0.027,0.977,0
-9.883,-0.032,1.047,0
-9.753,0.044,1.111,0
-9.606,0.07,1.201,0
-9.484,0.056,1.252,0
-9.378,0.039,1.284,0
-9.311,-0.003,1.299,0
-9.275,-0.038,1.277,0
-9.27,-0.019,1.287,0
-9.211,0.058,1.242,0
-9.152,0.189,1.172,0
-9.069,0.26,1.08,0
-9.0,0.258,0.89,0
-8.957,0.208,0.731,0
-8.886,0.122,0.595,0
-8.831,0.059,0.459,0
-8.785,0.053,0.314,0
-8.814,0.087,0.234,0
-8.973,0.16,0.217,0
-9.233,0.25,0.216,0
-9.394,0.258,0.286,0
-9.432,0.216,0.341,0
-9.474,0.147,0.432,0
-9.434,0.091,0.616,0
-9.341,0.006,0.813,0
-9.352,-0.076,0.925,0
-9.48,-0.137,0.969,0
-9.609,-0.153,0.965,0
-9.782,-0.106,1.178,0
-10.083,0.07,1.577,0
-10.48,0.394,1.929,0
-10.912,0.768,2.155,0
-11.214,1.058,2.076,0
-11.424,1.092,1.893,0
-11.472,0.893,1.504,0
-11.116,0.493,1.207,0
-10.694,0.086,0.912,0
-10.545,-0.165,0.739,0
-10.481,-0.279,0.613,0
-10.49,-0.274,0.546,0
-10.576,-0.287,0.609,0
-10.655,-0.358,0.704,0
-10.76,-0.438,0.931,0
-11.002,-0.339,1.181,0
-11.239,-0.025,1.398,0
-11.268,0.493,1.704,0
-11.062,1.077,2.052,0
-10.874,1.391,2.263,0
-10.857,1.526,2.316,0
-10.945,1.625,2.275,0
-11.052,1.635,2.145,0
-10.96,1.512,1.991,0
-10.736,1.282,1.859,0
-10.389,1.03,1.769,0
-10.111,0.787,1.693,0
-9.862,0.54,1.712,0
-9.595,0.304,1.773,0
-9.337,0.084,1.795,0
-9.071,-0.063,1.864,0
-8.754,-0.1,1.969,0
-8.505,-0.016,2.024,0
-8.222,0.192,2.073,0
-7.979,0.506,2.071,0
-7.749,0.846,1.968,0
-7.924,1.13,1.837,0
-8.238,1.352,1.573,0
-8.517,1.726,1.396,0
-8.619,1.906,1.107,0
-8.654,1.783,1.041,0
-9.224,1.713,0.901,0
-9.533,1.533,0.81,0
-9.46,1.374,1.039,0
-9.381,1.242,1.204,0
-9.381,1.177,1.279,0
-9.369,1.194,1.295,0
-9.525,1.238,1.444,0
-9.771,1.187,1.472,0
-9.94,1.116,1.45,0
-9.987,1.095,1.4,0
-9.868,1.127,1.37,0
-9.829,1.162,1.335,0
-9.761,1.224,1.292,0
-9.68,1.332,1.294,0
-9.63,1.48,1.213,0
-9.64,1.625,1.205,0
-9.705,1.631,1.207,0
-9.767,1.582,1.18,0
-9.755,1.443,1.186,0
-9.722,1.343,1.218,0
-9.642,1.225,1.275,0
-9.59,1.125,1.352,0
-9.544,1.062,1.409,0
-9.564,1.023,1.47,0
-9.589,1.03,1.481,0
-9.625,0.999,1.443,0
-9.671,0.952,1.403,0
-9.679,0.966,1.335,0
-9.699,0.951,1.274,0
-9.72,0.913,1.246,0
-9.749,0.894,1.222,0
-9.735,0.916,1.235,0
-9.671,0.946,1.225,0
-9.566,0.895,1.17,0
-9.518,0.876,1.14,0
-9.485,0.8,1.057,0
-9.482,0.711,1.03,0
-9.472,0.649,1.05,0
-9.478,0.6,1.073,0
-9.534,0.592,1.102,0
-9.549,0.59,1.093,0
-9.486,0.579,1.096,0
-9.429,0.569,1.118,0
-9.332,0.533,1.159,0
-9.236,0.506,1.201,0
-9.182,0.44,1.163,0
-9.163,0.398,1.129,0
-9.201,0.382,1.056,0
-9.246,0.35,1.03,0
-9.325,0.347,1.068,0
-9.401,0.305,1.101,0
-9.425,0.274,1.023,0
-9.384,0.318,0.901,0
-9.38,0.377,0.801,0
-9.414,0.417,0.65,0
-9.448,0.378,0.523,0
-9.464,0.319,0.49,0
-9.459,0.25,0.405,0
-9.465,0.239,0.304,0
-9.507,0.291,0.296,0
-9.592,0.311,0.303,0
-9.606,0.409,0.264,0
-9.54,0.631,0.355,0
-9.768,0.694,0.72,0
-10.199,0.822,1.291,0
-10.806,0.755,2.213,0
-11.525,0.488,2.702,0
-11.832,0.34,2.871,0
-11.565,0.371,2.977,0
-11.16,0.488,3.289,0
-11.066,0.527,3.701,0
-11.042,0.46,3.744,0
-10.859,0.456,3.176,0
-10.195,0.753,2.571,0
-9.433,1.04,2.272,0
-9.052,1.318,2.031,0
-8.946,1.546,1.87,0
-8.907,1.606,1.803,0
-8.85,1.477,1.919,0
-8.838,1.209,2.068,0
-8.778,0.844,2.328,0
-8.82,0.406,2.648,0
-9.053,-0.022,2.863,0
-9.521,-0.457,2.911,0
-9.971,-0.803,2.827,0
-10.09,-0.851,2.743,0
-10.028,-0.516,2.647,0
-10.092,0.005,2.653,0
-10.265,0.524,2.619,0
-10.431,0.924,2.292,0
-10.562,1.18,2.378,0
-10.743,1.357,2.25,0
-10.847,1.458,2.098,0
-10.721,1.394,1.921,0
-10.533,1.178,1.811,0
-10.375,0.866,1.729,0
-10.17,0.462,1.647,0
-9.975,0.125,1.649,0
-9.827,-0.105,1.628,0
-9.71,-0.221,1.643,0
-9.541,-0.237,1.619,0
-9.414,-0.22,1.565,0
-9.241,-0.222,1.536,0
-9.059,-0.203,1.554,0
-8.939,-0.172,1.472,0
-8.909,-0.064,1.46,0
-8.845,0.05,1.475,0
-8.781,0.158,1.444,0
-8.736,0.255,1.441,0
-8.702,0.331,1.392,0
-8.755,0.404,1.338,0
-8.826,0.465,1.314,0
-8.907,0.527,1.292,0
-9.016,0.586,1.252,0
-9.067,0.61,1.17,0
-9.022,0.555,1.034,0
-8.83,0.416,0.944,0
-8.547,0.338,0.839,0
-8.436,0.361,0.834,0
-8.564,0.345,0.766,0
-8.54,0.29,0.418,0
-8.574,0.237,0.325,0
-8.82,0.074,0.107,0
-9.114,-0.154,-0.06,0
-9.569,-0.263,0.171,0
-10.099,-0.254,0.339,0
-10.413,-0.188,0.451,0
-10.437,-0.161,0.579,0
-10.346,-0.268,0.605,0
-10.255,-0.381,0.51,0
-10.2,-0.229,0.392,0
-10.107,-0.032,0.41,0
-10.101,-0.062,0.712,0
-10.419,-0.019,1.279,0
-10.924,0.286,1.443,0
-11.566,0.789,1.671,0
-11.822,1.168,1.938,0
-11.625,1.139,2.347,0
-11.263,0.73,2.701,0
-11.005,0.222,2.905,0
-10.986,-0.309,2.918,0
-11.139,-0.673,2.805,0
-11.184,-0.796,2.547,0
-10.908,-0.926,2.144,0
-10.465,-0.975,2.031,0
-10.255,-0.854,2.227,0
-10.294,-0.567,2.385,0
-10.123,-0.076,2.461,0
-9.792,0.373,2.582,0
-9.453,0.853,2.734,0
-9.241,1.326,2.808,0
-9.158,1.767,2.78,0
-9.164,2.035,2.53,0
-9.272,2.251,2.265,0
-9.387,2.355,2.029,0
-9.476,2.429,1.759,0
-9.505,2.532,1.546,0
-9.521,2.493,1.477,0
-9.617,2.278,1.495,0
-9.606,2.051,1.289,0
-9.777,1.625,1.287,0
-9.942,1.249,1.349,0
-10.064,0.831,1.402,0
-10.185,0.473,1.374,0
-10.149,0.297,1.305,0
-9.812,0.305,1.175,0
-9.571,0.473,1.071,0
-9.444,0.747,1.029,0
-9.366,1.035,0.989,0
-9.382,1.206,1.03,0
-9.448,1.27,1.009,0
-9.391,1.262,1.016,0
-9.273,1.18,1.007,0
-9.18,1.099,0.992,0
-9.006,1.008,1.003,0
-8.973,0.935,0.976,0
-8.854,0.965,0.957,0
-8.838,1.048,0.933,0
-8.879,1.074,0.892,0
-8.936,1.099,0.89,0
-8.972,1.111,0.925,0
-9.008,1.127,0.951,0
-9.101,1.061,0.941,0
-9.116,0.972,0.92,0
-9.066,0.86,0.928,0
-9.036,0.776,0.901,0
-9.03,0.739,0.877,0
-9.042,0.727,0.842,0
-9.012,0.754,0.767,0
-8.964,0.879,0.748,0
-8.895,1.036,0.743,0
-8.929,1.204,0.715,0
-9.011,1.338,0.702,0
-9.084,1.336,0.714,0
-9.209,1.2,0.79,0
-9.422,0.938,0.788,0
-9.575,0.591,0.718,0
-9.622,0.286,0.708,0
-9.734,0.072,0.915,0
-9.847,-0.346,0.907,0
-9.892,-0.871,0.629,0
-10.025,-1.099,0.493,0
-10.118,-1.072,0.429,0
-10.203,-0.774,0.385,0
-10.268,-0.286,0.564,0
-10.468,0.301,0.819,0
-10.711,0.929,1.204,0
-10.864,1.365,1.513,0
-10.965,1.673,1.415,0
-10.922,2.096,0.896,0
-10.735,2.584,0.555,0
-10.422,2.829,0.64,0
-10.515,2.776,0.656,0
-10.835,2.544,0.43,0
-11.182,2.109,0.503,0
-11.459,1.52,0.85,0
-11.548,1.111,1.193,0
-11.561,1.129,1.662,0
-11.547,1.422,2.198,0
-11.397,1.338,2.552,0
-11.083,0.669,2.859,0
-10.689,-0.15,3.051,0
-10.298,-0.644,3.112,0
-9.99,-0.842,3.076,0
-9.687,-1.125,2.935,0
-9.346,-1.357,2.722,0
-8.998,-1.313,2.587,0
-8.744,-1.239,2.472,0
-8.457,-1.16,2.283,0
-8.295,-0.936,2.149,0
-8.314,-0.663,2.018,0
-8.363,-0.405,1.946,0
-8.553,-0.29,1.993,0
-8.8,-0.28,1.943,0
-9.061,-0.29,1.975,0
-9.31,-0.368,2.049,0
-9.473,-0.377,2.074,0
-9.546,-0.504,2.02,0
-9.71,-0.657,2.03,0
-9.806,-0.792,2.042,0
-9.856,-0.78,1.977,0
-9.912,-0.685,1.856,0
-9.83,-0.623,1.729,0
-9.894,-0.733,1.642,0
-9.96,-0.768,1.522,0
-9.917,-0.742,1.517,0
-9.992,-0.723,1.447,0
-10.026,-0.621,1.427,0
-10.126,-0.534,1.384,0
-10.015,-0.566,1.347,0
-10.021,-0.565,1.34,0
-10.025,-0.499,1.317,0
-9.806,-0.427,1.505,0
-9.696,-0.291,1.543,0
-9.712,-0.185,1.506,0
-9.84,-0.059,1.479,0
-9.837,0.062,1.426,0
-9.802,0.095,1.427,0
-9.81,0.118,1.434,0
-9.766,0.128,1.449,0
-9.697,0.124,1.433,0
-9.645,0.147,1.422,0
-9.586,0.167,1.422,0
-9.483,0.134,1.378,0
-9.443,0.106,1.33,0
-9.503,0.082,1.26,0
-9.584,0.027,1.157,0
-9.636,0.026,1.105,0
-9.622,0.066,1.063,0
-9.573,0.076,0.993,0
-9.476,0.141,0.934,0
-9.424,0.176,0.87,0
-9.402,0.081,0.736,0
-9.358,-0.06,0.612,0
-9.304,-0.257,0.534,0
-9.349,-0.531,0.473,0
-9.641,-0.841,0.733,0
-9.997,-1.002,0.871,0
-10.257,-0.996,0.779,0
-10.247,-0.842,0.904,0
-10.245,-0.597,1.097,0
-10.561,-0.477,1.146,0
-10.977,-0.18,1.184,0
-11.002,0.191,1.239,0
-10.745,0.267,0.882,0
-10.733,0.316,1.071,0
-10.916,0.731,1.205,0
-11.123,1.612,0.776,0
-11.033,2.234,0.653,0
-10.664,2.157,1.047,0
-10.481,1.643,1.441,0
-10.355,1.078,1.483,0
-10.211,0.653,1.571,0
-10.179,0.444,1.758,0
-10.203,0.563,1.92,0
-10.215,0.816,2.0,0
-10.201,1.037,1.993,0
-10.106,1.078,1.935,0
-9.992,1.045,1.894,0
-9.885,1.169,1.936,0
-9.821,1.388,1.952,0
-9.789,1.55,1.884,0
-9.813,1.666,1.815,0
-9.862,1.715,1.737,0
-9.893,1.669,1.651,0
-9.84,1.584,1.547,0
-9.711,1.483,1.434,0
-9.575,1.376,1.396,0
-9.462,1.265,1.441,0
-9.35,1.135,1.417,0
-9.247,1.058,1.419,0
-9.128,1.008,1.429,0
-8.979,0.95,1.412,0
-8.83,0.922,1.363,0
-8.685,0.881,1.326,0
-8.601,0.866,1.295,0
-8.681,0.885,1.206,0
-8.871,0.975,1.158,0
-9.076,1.115,1.136,0
-9.245,1.256,1.121,0
-9.328,1.352,1.091,0
-9.383,1.422,1.084,0
-9.407,1.479,1.111,0
-9.466,1.509,1.179,0
-9.599,1.545,1.23,0
-9.71,1.575,1.235,0
-9.754,1.558,1.291,0
-9.739,1.506,1.297,0
-9.754,1.458,1.31,0
-9.742,1.452,1.293,0
-9.775,1.513,1.273,0
-9.835,1.666,1.339,0
-9.843,1.863,1.374,0
-9.813,2.106,1.301,0
-9.721,2.303,1.203,0
-9.711,2.526,1.139,0
-9.747,2.731,1.061,0
-9.767,2.784,1.036,0
-9.739,2.735,1.028,0
-9.595,2.682,1.02,0
-9.407,2.583,0.996,0
-9.353,2.507,0.968,0
-9.378,2.467,0.914,0
-9.26,2.466,0.774,0
-9.09,2.528,1.105,0
-8.985,2.401,1.06,0
-9.108,2.214,0.458,0
-9.206,2.284,0.453,0
-9.002,2.411,0.571,0
-8.86,2.46,0.542,0
-8.862,2.459,0.554,0
-8.901,2.525,0.69,0
-8.9,2.571,0.926,0
-8.844,2.574,1.151,0
-8.883,2.569,1.498,0
-9.042,2.544,1.762,0
-9.319,2.363,1.875,0
-9.598,2.015,1.902,0
-9.676,1.754,1.752,0
-9.705,1.66,1.556,0
-9.771,1.761,1.387,0
-9.83,1.963,1.281,0
-9.879,2.263,1.177,0
-9.96,2.615,1.134,0
-10.044,2.955,1.032,0
-10.101,3.182,0.919,0
-10.159,3.25,0.849,0
-10.151,3.265,0.85,0
-10.075,3.271,0.929,0
-10.066,3.159,1.054,0
-10.129,2.861,1.28,0
-10.128,2.469,1.537,0
-10.051,2.094,1.715,0
-9.963,1.741,1.852,0
-9.832,1.467,1.918,0
-9.609,1.238,1.943,0
-9.394,1.025,1.939,0
-9.267,0.854,1.937,0
-9.138,0.714,1.951,0
-8.989,0.706,1.98,0
-8.899,0.644,1.995,0
-8.944,0.54,2.031,0
-9.03,0.464,2.098,0
-9.139,0.372,2.091,0
-9.267,0.319,2.108,0
-9.378,0.231,2.147,0
-9.451,0.161,2.2,0
-9.57,0.019,2.226,0
-9.705,-0.146,2.321,0
-9.769,-0.29,2.449,0
-9.877,-0.385,2.541,0
-9.933,-0.402,2.549,0
-10.091,-0.445,2.478,0
-10.12,-0.511,2.358,0
-10.157,-0.421,2.193,0
-10.187,-0.198,2.026,0
-10.274,0.092,1.841,0
-10.478,0.4,1.706,0
-10.71,0.674,1.743,0
-10.882,0.777,1.936,0
-10.956,0.689,2.103,0
-11.07,0.487,2.17,0
-11.001,0.268,2.127,0
-10.89,0.018,1.965,0
-10.636,-0.238,1.762,0
-10.426,-0.323,1.633,0
-10.257,-0.329,1.421,0
-10.099,-0.289,1.289,0
-9.908,-0.226,1.226,0
-9.827,-0.163,1.198,0
-9.743,-0.164,1.206,0
-9.625,-0.149,1.267,0
-9.568,-0.094,1.263,0
-9.554,0.076,1.222,0
-9.48,0.212,1.119,0
-9.323,0.313,1.053,0
-9.199,0.346,1.012,0
-9.165,0.423,0.951,0
-9.133,0.449,0.88,0
-9.098,0.448,0.868,0
-9.143,0.407,0.833,0
-9.175,0.379,0.772,0
-9.249,0.358,0.687,0
-9.353,0.313,0.674,0
-9.451,0.354,0.664,0
-9.378,0.431,0.582,0
-8.996,0.43,0.468,0
-8.567,0.384,0.5,0
-8.513,0.298,0.635,0
-8.487,0.245,0.465,0
-8.268,0.248,0.079,0
-8.082,0.226,-0.062,0
-8.114,0.167,-0.027,0
-8.455,0.047,0.078,0
-8.855,-0.072,0.403,0
-9.682,-0.053,0.92,0
-10.363,-0.054,1.261,0
-10.661,-0.167,1.271,0
-10.859,-0.402,1.607,0
-11.253,-0.459,2.243,0
-11.699,-0.289,2.723,0
-11.987,0.1,3.746,0
-13.129,0.714,4.834,0
-14.386,1.362,4.515,0
-14.041,1.435,3.402,0
-12.372,0.295,2.507,0
-11.117,-0.937,1.942,0
-10.645,-1.63,1.764,0
-10.357,-1.716,1.553,0
-9.95,-1.37,1.413,0
-9.3,-1.141,1.443,0
-8.767,-0.957,1.487,0
-8.259,-0.911,1.349,0
-7.668,-0.816,1.579,0
-7.219,-0.475,2.133,0
-6.96,-0.159,2.454,0
-6.762,0.041,2.63,0
-6.884,0.602,2.83,0
-7.572,1.322,2.966,0
-8.967,2.433,2.663,0
-10.347,3.314,1.96,0
-10.699,3.531,1.729,0
-10.579,3.244,1.914,0
-10.069,2.471,1.964,0
-9.974,1.808,1.901,0
-10.134,1.359,2.055,0
-10.216,0.918,2.006,0
-10.405,0.457,1.794,0
-10.563,0.33,1.573,0
-10.494,0.36,1.297,0
-10.411,0.482,1.156,0
-10.269,0.609,1.039,0
-10.128,0.816,0.988,0
-10.049,0.975,0.92,0
-9.958,1.074,0.869,0
-9.891,1.082,0.827,0
-9.79,1.078,0.86,0
-9.575,1.095,0.988,0
-9.535,1.072,0.956,0
-9.473,1.184,0.998,0
-9.283,1.272,1.071,0
-9.192,1.27,1.111,0
-9.095,1.191,1.123,0
-9.046,1.245,1.2,0
-8.976,1.326,1.193,0
-8.88,1.411,1.214,0
-8.799,1.292,1.269,0
-8.801,1.271,1.099,0
-8.733,1.27,0.991,0
-8.753,1.254,0.901,0
-8.849,1.236,0.744,0
-8.869,1.205,0.535,0
-8.915,1.233,0.423,0
-8.754,1.311,0.532,0
-8.582,1.37,0.654,0
-8.57,1.28,0.728,0
-8.836,1.038,0.838,0
-9.235,0.687,0.866,0
-9.633,0.398,0.949,0
-10.05,0.219,1.033,0
-10.341,0.174,1.164,0
-10.434,0.235,1.362,0
-10.404,0.308,1.428,0
-10.409,0.136,1.271,0
-10.464,-0.129,0.987,0
-10.45,-0.219,0.665,0
-10.366,-0.058,0.393,0
-10.298,0.319,0.216,0
-10.358,0.836,0.023,0
-10.342,1.413,-0.258,0
-10.256,1.871,-0.592,0
-10.293,2.385,-0.789,0
-10.614,2.796,-0.894,0
-10.823,2.707,-0.912,0
-11.197,2.447,-0.404,0
-11.594,1.865,0.445,0
-11.838,1.203,1.071,0
-12.033,0.629,1.476,0
-11.949,0.153,1.557,0
-11.542,-0.088,1.789,0
-11.189,-0.216,2.329,0
-11.08,-0.422,2.744,0
-10.974,-0.645,2.752,0
-10.45,-0.714,2.387,0
-9.738,-0.406,2.078,0
-9.277,-0.01,1.929,0
-9.133,0.339,1.786,0
-9.106,0.624,1.762,0
-9.018,0.778,1.927,0
-8.819,0.837,2.074,0
-8.698,0.724,2.121,0
-8.618,0.432,2.141,0
-8.539,0.135,2.203,0
-8.703,-0.184,2.271,0
-9.017,-0.41,2.263,0
-9.386,-0.632,2.226,0
-9.759,-0.741,2.122,0
-9.98,-0.655,2.012,0
-10.153,-0.492,1.997,0
-10.362,-0.388,1.773,0
-10.536,-0.253,1.743,0
-10.672,0.048,1.926,0
-10.791,0.204,1.81,0
-10.818,0.172,1.726,0
-10.761,0.063,1.578,0
-10.433,-0.199,1.475,0
-10.059,-0.526,1.468,0
-9.829,-0.784,1.558,0
-9.72,-0.924,1.616,0
-9.834,-0.925,1.592,0
-9.808,-0.908,1.587,0
-9.832,-0.779,1.59,0
-9.815,-0.702,1.575,0
-9.635,-0.572,1.616,0
-9.524,-0.42,1.603,0
-9.364,-0.338,1.564,0
-9.148,-0.239,1.553,0
-8.986,-0.142,1.556,0
-8.836,-0.158,1.49,0
-8.725,-0.176,1.51,0
-8.72,-0.151,1.495,0
-8.746,-0.058,1.451,0
-8.767,0.015,1.384,0
-8.741,0.119,1.329,0
-8.77,0.243,1.294,0
-8.85,0.41,1.3,0
-8.946,0.606,1.331,0
-9.042,0.8,1.298,0
-9.052,0.966,1.263,0
-8.977,1.116,1.164,0
-8.78,1.175,1.084,0
-8.658,1.198,1.009,0
-8.553,1.256,0.939,0
-8.766,1.335,1.049,0
-8.895,1.301,0.596,0
-8.918,1.207,0.556,0
-9.098,1.05,0.625,0
-9.371,0.887,0.436,0
-9.719,0.796,0.436,0
-10.208,0.754,0.772,0
-10.604,0.604,1.127,0
-10.586,0.387,1.109,0
-10.44,0.129,1.225,0
-10.468,-0.021,1.27,0
-10.565,0.025,1.177,0
-10.615,0.281,1.09,0
-10.541,0.628,0.894,0
-10.479,1.026,0.822,0
-10.825,1.294,1.521,0
-11.564,1.725,2.235,0
-12.564,2.028,2.662,0
-13.119,2.058,2.712,0
-12.734,1.421,3.016,0
-11.925,0.305,3.129,0
-11.304,-0.71,3.496,0
-10.99,-1.357,3.876,0
-10.758,-1.721,3.74,0
-10.211,-1.922,3.248,0
-9.38,-1.966,2.761,0
-8.628,-1.837,2.618,0
-8.061,-1.403,2.605,0
-7.598,-0.719,2.543,0
-7.359,0.119,2.58,0
-7.62,0.999,2.755,0
-8.309,1.781,2.905,0
-9.251,2.449,2.791,0
-9.944,2.913,2.317,0
-9.943,2.888,2.23,0
-9.701,2.451,2.316,0
-9.306,1.563,2.084,0
-9.332,0.937,2.552,0
-9.666,0.376,2.793,0
-9.855,-0.095,2.838,0
-9.883,-0.342,2.64,0
-9.639,-0.217,2.367,0
-9.264,0.168,2.183,0
-9.012,0.592,2.023,0
-8.861,1.035,1.849,0
-8.704,1.287,1.79,0
-8.761,1.301,1.749,0
-8.913,1.241,1.631,0
-8.995,1.223,1.495,0
-8.97,1.164,1.411,0
-8.948,1.017,1.429,0
-8.96,0.901,1.424,0
-8.973,0.887,1.389,0
-8.993,0.856,1.426,0
-8.956,0.76,1.414,0
-9.026,0.64,1.462,0
-9.063,0.676,1.495,0
-9.121,0.716,1.448,0
-9.036,0.688,1.475,0
-9.038,0.668,1.536,0
-9.031,0.611,1.398,0
-8.913,0.489,1.206,0
-8.644,0.463,0.947,0
-8.51,0.46,0.936,0
-8.245,0.203,0.803,0
-7.822,-0.044,0.517,0
-7.674,-0.153,0.465,0
-7.881,-0.24,0.383,0
-8.414,-0.348,0.299,0
-9.012,-0.382,0.468,0
-9.367,-0.432,0.575,0
-9.727,-0.473,0.487,0
-9.97,-0.411,0.543,0
-10.105,-0.307,0.533,0
-10.371,-0.178,0.501,0
-10.584,-0.071,0.407,0
-10.62,-0.093,0.37,0
-10.658,-0.179,0.3,0
-10.682,-0.138,0.305,0
-10.734,-0.022,0.255,0
-10.786,0.204,0.12,0
-10.869,0.51,0.012,0
-10.98,0.856,-0.014,0
-11.207,1.229,0.287,0
-11.546,1.424,1.107,0
-11.899,1.177,1.673,0
-12.168,0.659,2.095,0
-12.089,0.265,2.635,0
-11.799,-0.008,3.215,0
-11.561,-0.104,3.785,0
-11.568,-0.221,3.914,0
-11.454,-0.332,3.579,0
-10.655,-0.132,2.967,0
-9.582,0.359,2.379,0
-8.86,0.942,1.928,0
-8.504,1.364,1.749,0
-8.487,1.396,1.747,0
-8.548,1.071,1.875,0
-8.697,0.553,1.955,0
-8.871,0.034,2.089,0
-9.086,-0.499,2.285,0
-9.49,-1.015,2.316,0
-9.928,-1.379,2.396,0
-10.22,-1.389,2.435,0
-10.348,-1.085,2.248,0
-10.279,-0.578,1.847,0
-10.48,-0.061,1.954,0
-10.699,0.339,1.847,0
-10.925,0.737,1.753,0
-10.841,0.8,1.56,0
-10.608,0.662,1.483,0
-10.37,0.315,1.423,0
-10.078,-0.104,1.478,0
-9.917,-0.356,1.558,0
-9.758,-0.532,1.636,0
-9.786,-0.667,1.631,0
-9.702,-0.785,1.612,0
-9.577,-0.863,1.675,0
-9.49,-0.813,1.612,0
-9.38,-0.758,1.537,0
-9.144,-0.658,1.491,0
-9.01,-0.501,1.429,0
-8.779,-0.583,1.356,0
-8.58,-0.69,1.399,0
-8.556,-0.674,1.343,0
-8.598,-0.581,1.283,0
-8.619,-0.333,1.243,0
-8.571,-0.183,1.225,0
-8.631,0.004,1.214,0
-8.724,0.17,1.14,0
-8.792,0.291,1.132,0
-8.844,0.397,1.108,0
-8.759,0.447,1.041,0
-8.673,0.427,0.991,0
-8.65,0.422,0.943,0
-8.535,0.382,0.921,0
-8.378,0.36,0.899,0
-8.466,0.31,1.091,0
-8.595,0.26,0.833,0
-8.701,0.279,0.766,0
-8.911,0.188,0.682,0
-9.201,0.024,0.506,0
-9.561,-0.106,0.484,0
-10.037,-0.15,0.616,0
-10.263,-0.238,0.619,0
-10.155,-0.392,0.583,0
-10.006,-0.542,0.56,0
-9.894,-0.523,0.465,0
-10.07,-0.343,0.557,0
-10.613,0.049,0.962,0
-11.354,0.811,1.821,0
-12.482,1.768,3.251,0
-14.142,3.015,4.259,0
-15.651,3.884,4.925,0
-15.763,3.64,5.347,0
-14.796,2.211,5.348,0
-13.047,0.137,4.792,0
-11.611,-1.969,4.397,0
-10.553,-3.127,4.046,0
-9.47,-3.535,3.52,0
-8.57,-3.297,3.062,0
-8.04,-2.797,2.494,0
-7.736,-2.016,2.117,0
-7.507,-0.897,2.147,0
-7.778,0.234,2.207,0
-8.454,1.264,2.199,0
-8.995,2.125,2.036,0
-9.283,2.826,2.223,0
-9.172,3.068,2.062,0
-8.892,3.013,2.006,0
-8.551,2.639,2.326,0
-8.438,1.959,2.388,0
-8.661,1.23,2.441,0
-8.91,0.685,2.27,0
-8.846,0.332,2.043,0
-8.587,0.141,1.826,0
-8.26,0.156,1.782,0
-8.04,0.21,1.72,0
-7.991,0.314,1.644,0
-8.09,0.466,1.589,0
-8.335,0.6,1.552,0
-8.655,0.705,1.439,0
-8.873,0.78,1.349,0
-9.099,0.806,1.358,0
-9.41,0.861,1.305,0
-9.614,0.858,1.293,0
-9.704,0.754,1.363,0
-9.785,0.638,1.465,0
-9.918,0.519,1.47,0
-9.951,0.51,1.514,0
-9.982,0.425,1.59,0
-9.967,0.349,1.502,0
-9.849,0.336,1.525,0
-9.776,0.274,1.46,0
-9.739,0.268,1.357,0
-9.627,0.261,1.244,0
-9.445,0.293,1.104,0
-9.104,0.343,1.05,0
-8.686,0.443,0.961,0
-8.197,0.404,0.797,0
-7.791,0.356,0.641,0
-7.674,0.286,0.484,0
-7.882,0.221,0.349,0
-8.401,0.127,0.303,0
-9.0,-0.031,0.49,0
-9.371,-0.243,0.553,0
-9.753,-0.446,0.651,0
-9.907,-0.622,0.737,0
-9.958,-0.716,0.693,0
-10.004,-0.718,0.535,0
-9.858,-0.499,0.318,0
-9.771,-0.242,0.172,0
-9.773,-0.044,0.111,0
-9.696,0.118,0.009,0
-9.776,0.427,-0.028,0
-9.938,0.885,0.082,0
-10.284,1.366,0.383,0
-10.86,1.74,0.732,0
-11.355,1.785,1.156,0
-11.578,1.56,1.787,0
-11.376,1.305,2.426,0
-11.201,1.121,3.343,0
-11.317,0.637,3.789,0
-11.33,-0.022,3.482,0
-10.684,-0.349,2.684,0
-9.537,-0.051,2.186,0
-8.858,0.552,2.079,0
-9.248,0.861,2.184,0
-9.964,0.773,2.085,0
-10.582,0.51,2.207,0
-11.185,0.121,2.208,0
-11.366,-0.417,2.231,0
-11.347,-0.914,2.39,0
-11.265,-1.15,2.349,0
-11.162,-1.153,2.282,0
-11.151,-0.891,2.174,0
-11.141,-0.576,1.869,0
-11.288,-0.331,1.906,0
-11.484,-0.155,1.74,0
-11.662,0.121,1.507,0
-11.678,0.272,1.276,0
-11.299,0.122,1.2,0
-10.855,-0.12,1.282,0
-10.38,-0.401,1.349,0
-10.04,-0.624,1.466,0
-9.87,-0.745,1.406,0
-9.645,-0.866,1.417,0
-9.473,-0.927,1.414,0
-9.408,-0.905,1.353,0
-9.337,-0.771,1.336,0
-9.149,-0.703,1.309,0
-8.948,-0.685,1.346,0
-8.778,-0.654,1.336,0
-8.589,-0.614,1.222,0
-8.499,-0.538,1.385,0
-8.474,-0.483,1.291,0
-8.583,-0.365,1.245,0
-8.635,-0.208,1.217,0
-8.63,0.037,1.172,0
-8.606,0.275,1.184,0
-8.548,0.436,1.142,0
-8.591,0.58,1.124,0
-8.698,0.625,1.089,0
-8.859,0.664,1.075,0
-9.01,0.782,1.037,0
-9.023,0.873,1.011,0
-8.974,0.878,0.982,0
-8.84,0.831,0.948,0
-8.712,0.803,0.901,0
-8.706,0.818,0.88,0
-8.73,0.821,0.836,0
-8.819,0.831,0.933,0
-8.842,0.839,0.658,0
-8.869,0.775,0.505,0
-9.026,0.605,0.284,0
-9.473,0.387,0.001,0
-9.849,0.054,-0.212,0
-10.201,-0.274,0.034,0
-10.608,-0.621,0.558,0
-10.7,-1.029,0.629,0
-10.341,-1.306,0.426,0
-10.037,-1.324,0.317,0
-10.03,-1.19,0.226,0
-10.001,-0.628,0.239,0
-10.045,0.223,1.263,0
-10.7,0.98,2.429,0
-12.013,2.065,2.951,0
-13.248,3.247,3.115,0
-13.117,3.365,3.277,0
-12.263,2.139,3.623,0
-11.805,0.348,4.079,0
-11.743,-1.183,4.389,0
-11.481,-2.212,4.165,0
-10.546,-2.811,3.799,0
-9.36,-2.957,3.302,0
-8.526,-2.664,2.877,0
-7.927,-1.876,2.561,0
-7.786,-0.695,2.684,0
-8.529,0.591,2.761,0
-9.623,1.787,2.569,0
-10.146,2.763,2.099,0
-9.804,3.216,1.793,0
-9.405,3.294,2.07,0
-8.874,2.853,1.91,0
-8.374,2.211,1.986,0
-8.347,1.515,2.438,0
-8.846,0.985,2.27,0
-9.052,0.512,2.011,0
-9.003,0.197,1.904,0
-8.937,0.108,1.692,0
-8.644,0.156,1.47,0
-8.298,0.375,1.312,0
-8.161,0.579,1.25,0
-8.248,0.796,1.265,0
-8.626,0.908,1.263,0
-9.046,1.049,1.209,0
-9.458,1.132,1.227,0
-9.829,1.146,1.372,0
-10.147,1.098,1.517,0
-10.362,1.0,1.546,0
-10.433,0.848,1.612,0
-10.332,0.671,1.653,0
-10.245,0.494,1.717,0
-10.16,0.332,1.687,0
-10.045,0.203,1.643,0
-9.973,0.097,1.577,0
-9.865,0.077,1.469,0
-9.769,0.079,1.452,0
-9.743,0.063,1.429,0
-9.693,-0.055,1.307,0
-9.547,-0.13,1.135,0
-9.244,-0.163,0.983,0
-8.889,-0.285,0.873,0
-8.562,-0.293,0.93,0
-8.309,-0.296,0.998,0
-8.009,-0.335,0.798,0
-7.958,-0.257,0.834,0
-8.082,-0.109,0.769,0
-8.468,0.106,0.935,0
-8.974,0.22,1.176,0
-9.432,0.139,1.192,0
-9.765,-0.073,1.365,0
-9.735,-0.325,1.555,0
-9.534,-0.394,1.475,0
-9.509,-0.386,1.136,0
-9.69,-0.47,0.684,0
-9.747,-0.497,0.381,0
-9.729,-0.309,0.162,0
-9.753,-0.188,-0.126,0
-9.827,-0.158,-0.462,0
-9.822,0.041,-0.721,0
-9.854,0.297,-0.982,0
-10.183,0.564,-1.045,0
-10.825,0.947,-0.606,0
-11.733,1.19,0.246,0
-12.342,0.86,0.769,0
-12.557,0.389,1.156,0
-12.366,0.053,1.544,0
-11.788,-0.087,2.078,0
-11.388,-0.081,2.741,0
-11.371,-0.174,3.225,0
-11.354,-0.379,3.192,0
-10.877,-0.326,2.789,0
-10.147,0.055,2.459,0
-9.662,0.544,2.206,0
-9.523,1.169,2.011,0
-9.465,1.568,1.908,0
-9.319,1.59,1.983,0
-9.054,1.259,2.103,0
-8.731,0.749,2.295,0
-8.666,0.135,2.377,0
-8.988,-0.46,2.457,0
-9.685,-0.967,2.306,0
-10.25,-1.369,2.083,0
-10.481,-1.619,1.94,0
-10.495,-1.558,1.844,0
-10.667,-1.286,1.917,0
-10.764,-1.057,1.704,0
-10.853,-0.857,1.627,0
-11.063,-0.494,1.687,0
-11.143,-0.191,1.637,0
-10.909,-0.063,1.68,0
-10.686,-0.046,1.621,0
-10.341,-0.168,1.609,0
-10.028,-0.29,1.615,0
-9.75,-0.368,1.562,0
-9.574,-0.398,1.536,0
-9.464,-0.449,1.485,0
-9.344,-0.419,1.476,0
-9.268,-0.365,1.462,0
-9.167,-0.317,1.44,0
-9.057,-0.316,1.422,0
-8.878,-0.28,1.393,0
-8.692,-0.305,1.384,0
-8.547,-0.334,1.374,0
-8.449,-0.367,1.345,0
-8.443,-0.326,1.317,0
-8.49,-0.255,1.228,0
-8.489,-0.142,1.18,0
-8.496,0.015,1.12,0
-8.504,0.19,1.107,0
-8.555,0.349,1.127,0
-8.612,0.485,1.127,0
-8.57,0.593,1.125,0
-8.5,0.686,1.112,0
-8.549,0.759,1.05,0
-8.662,0.798,0.964,0
-8.725,0.79,0.929,0
-8.647,0.791,0.909,0
-8.55,0.806,0.866,0
-8.584,0.848,0.894,0
-8.785,0.91,0.735,0
-8.862,0.907,0.441,0
-9.104,0.82,0.733,0
-9.547,0.629,0.677,0
-10.064,0.386,0.687,0
-10.418,0.074,0.96,0
-10.523,-0.225,1.304,0
-10.443,-0.39,1.459,0
-10.352,-0.43,1.367,0
-10.456,-0.387,1.437,0
-10.651,-0.077,1.821,0
-10.832,0.437,2.564,0
-11.361,0.974,3.275,0
-12.506,1.62,3.894,0
-14.199,2.404,4.214,0
-14.969,2.658,3.29,0
-13.412,1.361,2.463,0
-11.016,-0.807,2.065,0
-10.078,-2.387,1.749,0
-9.582,-3.265,1.469,0
-9.139,-3.355,1.526,0
-8.908,-2.897,1.712,0
-8.71,-2.288,1.665,0
-8.438,-1.755,1.78,0
-8.008,-1.118,2.054,0
-7.559,-0.375,2.413,0
-7.348,0.45,2.618,0
-7.652,1.391,2.957,0
-8.43,2.306,3.214,0
-9.337,3.172,3.068,0
-10.134,3.964,2.639,0
-10.262,4.206,2.086,0
-9.785,3.898,1.997,0
-9.384,3.018,2.031,0
-9.39,2.061,1.892,0
-9.792,1.362,2.062,0
-10.179,0.927,2.234,0
-10.503,0.562,2.23,0
-10.692,0.258,2.122,0
-10.763,0.188,2.015,0
-10.738,0.352,1.927,0
-10.561,0.691,1.924,0
-10.395,1.07,2.008,0
-10.306,1.387,2.004,0
-10.202,1.596,1.985,0
-10.071,1.651,1.883,0
-9.858,1.583,1.797,0
-9.669,1.463,1.738,0
-9.481,1.336,1.692,0
-9.307,1.282,1.682,0
-9.191,1.219,1.642,0
-9.092,1.184,1.606,0
-8.961,1.262,1.609,0
-8.842,1.361,1.593,0
-8.83,1.356,1.559,0
-8.81,1.334,1.58,0
-8.822,1.265,1.569,0
-8.829,1.176,1.524,0
-8.793,1.071,1.455,0
-8.752,0.982,1.377,0
-8.685,0.903,1.318,0
-8.577,0.743,1.205,0
-8.431,0.678,1.103,0
-8.279,0.592,1.013,0
-8.163,0.464,0.924,0
-8.175,0.355,0.964,0
-8.15,0.339,0.793,0
-8.141,0.434,0.675,0
-8.273,0.658,0.537,0
-8.646,0.885,0.291,0
-9.073,0.985,0.13,0
-9.489,1.135,0.268,0
-9.896,1.252,0.574,0
-10.06,1.261,0.607,0
-10.177,1.299,0.559,0
-10.234,1.293,0.412,0
-10.232,1.155,0.342,0
-10.109,1.105,0.421,0
-10.02,1.111,0.602,0
-10.031,1.018,0.933,0
-10.087,0.816,1.152,0
-10.264,0.345,1.223,0
-10.484,-0.151,1.329,0
-10.766,-0.406,1.833,0
-11.17,-0.509,2.342,0
-11.7,-0.38,3.114,0
-12.377,-0.531,3.617,0
-12.364,-0.618,3.609,0
-11.292,-0.107,3.041,0
-10.158,0.893,2.506,0
-9.669,1.67,2.285,0
-9.657,1.75,2.132,0
-9.8,1.715,2.021,0
-9.799,1.706,1.925,0
-9.864,1.674,1.84,0
-10.023,1.217,1.893,0
-10.025,0.451,2.133,0
-10.164,-0.462,2.215,0
-10.445,-1.325,2.097,0
-10.601,-1.96,1.998,0
-10.585,-2.224,1.91,0
-10.524,-2.099,1.915,0
-10.489,-1.882,2.021,0
-10.541,-1.683,2.149,0
-10.624,-1.234,2.119,0
-10.681,-0.698,1.975,0
-10.785,-0.198,2.015,0
-10.736,0.109,2.029,0
-10.468,0.272,1.92,0
-10.12,0.298,1.733,0
-9.753,0.264,1.654,0
-9.532,0.247,1.591,0
-9.433,0.215,1.508,0
-9.359,0.167,1.426,0
-9.297,0.054,1.339,0
-9.194,-0.131,1.305,0
-9.143,-0.265,1.261,0
-9.04,-0.363,1.213,0
-8.913,-0.406,1.176,0
-8.79,-0.43,1.165,0
-8.683,-0.438,1.215,0
-8.578,-0.414,1.292,0
-8.51,-0.371,1.394,0
-8.507,-0.332,1.47,0
-8.525,-0.323,1.447,0
-8.591,-0.323,1.403,0
-8.634,-0.338,1.353,0
-8.472,-0.41,1.246,0
-8.326,-0.517,1.36,0
-8.198,-0.613,1.327,0
-8.089,-0.659,1.35,0
-8.112,-0.625,1.829,0
-8.329,-0.414,2.31,0
-8.624,-0.177,2.447,0
-8.907,-0.116,3.049,0
-9.376,-0.004,3.829,0
-9.887,0.345,3.689,0
-9.928,0.641,2.68,0
-9.188,0.78,1.701,0
-8.739,0.826,1.745,0
-8.869,0.371,1.752,0
-9.434,-0.423,1.791,0
-9.982,-1.57,2.022,0
-9.935,-2.694,2.622,0
-9.467,-3.005,2.879,0
-9.067,-2.851,3.175,0
-8.747,-2.368,3.696,0
-8.585,-1.451,3.835,0
-9.199,-0.186,3.652,0
-10.547,1.553,3.393,0
-11.528,3.319,2.834,0
-11.483,4.393,2.425,0
-11.39,4.695,2.261,0
-11.317,4.605,2.222,0
-11.461,4.083,2.44,0
-11.667,3.268,2.529,0
-11.691,2.609,2.443,0
-11.597,2.26,2.373,0
-11.394,1.927,2.16,0
-11.144,1.699,1.943,0
-10.878,1.613,1.794,0
-10.596,1.645,1.711,0
-10.247,1.761,1.627,0
-9.924,1.821,1.454,0
-9.666,1.677,1.255,0
-9.375,1.385,1.07,0
-9.058,1.047,0.927,0
-8.684,0.871,0.865,0
-8.272,0.847,0.776,0
-7.92,0.907,0.741,0
-7.484,1.014,0.628,0
-7.005,1.201,0.408,0
-6.578,1.433,0.283,0
-6.278,1.609,0.53,0
-6.292,1.753,1.389,0
-6.697,1.729,2.1,0
-7.82,1.612,3.05,0
-9.693,1.125,3.513,0
-11.71,-0.15,3.522,0
-13.109,-1.095,3.809,0
-12.479,-2.154,3.869,0
-10.395,-2.26,3.653,0
-7.944,-1.648,2.555,0
-5.954,-0.719,1.966,0
-5.375,0.11,1.922,0
-6.679,0.35,2.062,0
-8.715,0.371,2.074,0
-10.301,0.53,1.994,0
-11.453,0.845,1.815,0
-11.706,0.627,1.594,0
-11.125,0.207,1.633,0
-10.4,0.008,1.913,0
-10.061,0.011,2.162,0
-10.038,0.271,2.242,0
-10.161,0.559,2.13,0
-10.171,0.694,1.921,0
-10.051,0.591,1.828,0
-10.119,0.319,1.871,0
-10.379,-0.097,1.737,0
-10.424,-0.507,1.594,0
-10.144,-0.664,1.583,0
-9.88,-0.639,1.585,0
-9.832,-0.646,1.608,0
-9.852,-0.645,1.669,0
-9.809,-0.63,1.716,0
-9.635,-0.639,1.801,0
-9.407,-0.645,1.894,0
-9.269,-0.666,1.903,0
-9.167,-0.635,1.924,0
-9.044,-0.58,1.973,0
-8.973,-0.563,2.015,0
-8.957,-0.543,2.046,0
-8.976,-0.496,2.066,0
-8.951,-0.431,2.133,0
-8.905,-0.391,2.131,0
-8.893,-0.333,2.161,0
-8.886,-0.266,2.281,0
-8.944,-0.196,2.44,0
-9.21,-0.191,2.568,0
-9.52,-0.256,2.645,0
-9.671,-0.35,2.735,0
-9.69,-0.429,2.836,0
-9.703,-0.5,2.9,0
-9.663,-0.563,2.93,0
-9.612,-0.601,2.9,0
-9.55,-0.602,2.825,0
-9.365,-0.579,2.803,0
-9.239,-0.529,2.749,0
-9.124,-0.488,2.654,0
-8.942,-0.413,2.622,0
-8.744,-0.325,2.555,0
-8.575,-0.282,2.487,0
-8.416,-0.272,2.458,0
-8.347,-0.256,2.49,0
-8.376,-0.23,2.525,0
-8.424,-0.213,2.57,0
-8.426,-0.161,2.671,0
-8.446,-0.059,2.744,0
-8.431,0.042,2.806,0
-8.349,0.135,2.788,0
-8.262,0.247,2.741,0
-8.212,0.36,2.701,0
-8.218,0.481,2.693,0
-8.182,0.563,2.786,0
-8.106,0.569,2.892,0
-8.059,0.577,2.912,0
-8.085,0.531,2.857,0
-8.16,0.398,2.929,0
-8.258,0.232,3.063,0
-8.393,0.063,3.124,0
-8.537,-0.072,3.153,0
-8.66,-0.163,3.217,0
-8.75,-0.228,3.306,0
-8.798,-0.272,3.433,0
-8.856,-0.251,3.597,0
-8.856,-0.205,3.728,0
-8.82,-0.167,3.89,0
-8.8,-0.14,4.087,0
-8.813,-0.126,4.206,0
-8.86,-0.086,4.251,0
-8.898,0.011,4.283,0
-8.836,0.048,4.421,0
-8.842,-0.075,4.538,0
-8.937,-0.347,4.533,0
-8.968,-0.649,4.482,0
-8.91,-0.842,4.477,0
-8.815,-0.915,4.489,0
-8.748,-0.951,4.476,0
-8.709,-0.928,4.502,0
-8.772,-0.838,4.61,0
-8.874,-0.732,4.753,0
-8.99,-0.614,4.715,0
-9.031,-0.529,4.742,0
-8.988,-0.5,4.836,0
-8.816,-0.587,4.882,0
-8.541,-0.684,4.748,0
-8.259,-0.664,4.59,0
-8.17,-0.534,4.661,0
-8.142,-0.368,4.642,0
-8.005,-0.293,4.551,0
-7.76,-0.313,4.592,0
-7.528,-0.519,4.761,0
-7.424,-0.8,4.778,0
-7.322,-0.939,4.667,0
-7.248,-0.978,4.58,0
-7.185,-0.951,4.486,0
-7.193,-0.888,4.384,0
-7.135,-0.746,4.41,0
-7.067,-0.702,4.495,0
-7.094,-0.644,4.62,0
-7.369,-0.505,4.634,0
-7.43,-0.301,4.677,0
-7.437,-0.261,4.773,0
-7.408,-0.256,4.816,0
-7.38,-0.303,4.821,0
-7.477,-0.375,4.788,0
-7.492,-0.464,4.719,0
-7.33,-0.48,4.443,0
-7.58,-0.429,4.063,0
-8.154,-0.614,3.894,0
-8.346,-0.6,3.887,0
-8.461,-0.67,3.997,0
-8.719,-0.589,3.859,0
-8.96,-0.702,3.816,0
-8.955,-0.699,3.921,0
-8.764,-0.549,3.868,0
-8.729,-0.593,3.597,0
-8.599,-0.526,3.968,0
-8.549,-0.44,4.049,0
-8.508,-0.383,4.099,0
-8.467,-0.343,3.768,0
-8.336,-0.214,3.619,0
-8.26,-0.197,3.733,0
-8.331,-0.216,3.681,0
-8.405,-0.226,3.53,0
-8.381,-0.249,3.415,0
-8.337,-0.21,3.494,0
-8.158,-0.173,3.527,0
-8.036,-0.232,3.529,0
-7.969,-0.177,3.421,0
-7.925,-0.025,3.288,0
-7.957,0.094,3.219,0
-8.156,0.092,3.518,0
-8.378,-0.003,3.582,0
-8.52,-0.082,3.461,0
-8.699,-0.181,3.611,0
-8.91,-0.033,3.686,0
-9.188,0.002,3.87,0
-9.836,0.172,4.079,0
-10.637,0.504,4.061,0
-11.545,0.37,3.837,0
-13.268,-0.032,3.077,0
-13.193,0.089,2.995,0
-12.418,-0.162,3.955,0
-12.722,0.298,3.829,0
-12.51,0.415,3.455,0
-12.292,0.071,3.131,0
-12.375,-0.032,2.462,0
-12.438,-0.092,2.059,0
-12.557,0.053,1.666,0
-12.415,0.063,1.363,0
-12.358,0.165,1.062,0
-12.347,0.244,0.745,0
-12.313,0.149,0.515,0
-12.179,0.119,0.388,0
-11.876,0.155,0.352,0
-11.454,0.205,0.248,0
-11.164,0.347,0.136,0
-10.788,0.38,0.055,0
-10.481,0.472,0.012,0
-10.472,0.516,-0.048,0
-10.372,0.493,-0.121,0
-10.296,0.467,-0.213,0
-10.184,0.406,-0.308,0
-10.009,0.379,-0.229,0
-9.72,0.302,-0.132,0
-9.685,0.239,-0.226,0
-9.832,0.122,-0.458,0
-9.917,0.058,-0.691,0
-9.999,0.057,-0.693,0
-10.014,0.058,-0.554,0
-10.019,0.075,-0.539,0
-10.019,0.088,-0.575,0
-10.081,0.062,-0.616,0
-10.192,-0.049,-0.577,0
-10.355,-0.164,-0.752,0
-10.297,-0.268,-0.0,0
-11.078,-0.611,-0.385,0
-11.632,-0.548,-0.855,0
-10.932,-0.352,-0.896,0
-11.026,-0.133,-0.988,0
-10.984,-0.071,-1.464,0
-11.355,-0.005,-2.769,0
-11.245,0.068,-2.775,0
-11.241,0.044,-2.059,0
-10.615,0.15,-1.116,0
-10.577,0.23,-1.461,0
-10.809,0.148,-1.23,0
-10.912,0.146,-1.143,0
-11.27,0.233,-0.973,0
-11.093,0.352,-0.932,0
-10.744,0.449,-0.809,0
-10.519,0.532,-0.888,0
-10.365,0.503,-0.874,0
-9.906,0.339,-0.863,0
-9.777,0.278,-0.892,0
-9.78,0.306,-0.886,0
-9.807,0.316,-1.01,0
-9.785,0.288,-1.208,0
-9.699,0.234,-1.273,0
-9.741,0.275,-1.377,0
-9.672,0.259,-1.388,0
-9.58,0.244,-1.295,0
-9.716,0.33,-1.315,0
-10.014,0.464,-1.536,0
-9.866,0.406,-1.477,0
-9.877,0.432,-1.248,0
-9.868,0.409,-1.124,0
-9.766,0.351,-1.06,0
-9.833,0.328,-1.142,0
-9.854,0.301,-1.161,0
-9.775,0.313,-1.175,0
-9.729,0.369,-1.108,0
-9.744,0.424,-1.167,0
-9.802,0.437,-1.376,0
-9.757,0.415,-1.479,0
-9.851,0.369,-1.468,0
-9.785,0.365,-1.375,0
-9.875,0.372,-1.325,0
-9.751,0.405,-1.313,0
-9.684,0.398,-1.325,0
-9.636,0.434,-1.41,0
-9.565,0.395,-1.445,0
-9.835,0.348,-1.42,0
-9.787,0.361,-1.362,0
-9.846,0.327,-1.345,0
-9.865,0.297,-1.477,0
-9.776,0.268,-1.522,0
-9.674,0.302,-1.497,0
-9.82,0.331,-1.487,0
-9.747,0.356,-1.507,0
-9.616,0.34,-1.574,0
-9.699,0.327,-1.793,0
-9.791,0.283,-1.865,0
-9.859,0.306,-1.802,0
-9.689,0.331,-1.754,0
-9.873,0.339,-1.703,0
-10.044,0.356,-1.641,0
-9.874,0.342,-1.679,0
-9.967,0.33,-1.647,0
-9.912,0.295,-1.604,0
-9.803,0.276,-1.588,0
-9.814,0.314,-1.622,0
-9.746,0.33,-1.632,0
-9.691,0.324,-1.675,0
-9.623,0.311,-1.722,0
-9.513,0.255,-1.844,0
-9.594,0.243,-1.905,0
-9.607,0.26,-1.923,0
-9.746,0.289,-1.894,0
-9.815,0.303,-1.877,0
-9.752,0.308,-1.905,0
-9.749,0.326,-1.937,0
-9.55,0.282,-1.985,0
-9.681,0.269,-1.985,0
-9.624,0.247,-1.994,0
-9.619,0.265,-2.034,0
-9.634,0.275,-2.034,0
-9.478,0.257,-2.034,0
-9.729,0.303,-1.981,0
-9.812,0.297,-1.978,0
-9.856,0.312,-1.975,0
-9.793,0.327,-2.002,0
-9.805,0.366,-2.025,0
-9.815,0.343,-2.042,0
-9.676,0.311,-2.078,0
-9.656,0.312,-2.069,0
-9.776,0.322,-2.045,0
-9.673,0.29,-2.047,0
-9.634,0.3,-2.058,0
-9.712,0.315,-2.074,0
-9.689,0.287,-2.071,0
-9.752,0.295,-2.086,0
-9.796,0.305,-2.094,0
-9.8,0.305,-2.121,0
-9.756,0.302,-2.122,0
-9.72,0.301,-2.158,0
-9.716,0.29,-2.2,0
-9.685,0.293,-2.22,0
-9.694,0.302,-2.25,0
-9.746,0.306,-2.286,0
-9.701,0.299,-2.283,0
-9.752,0.311,-2.312,0
-9.743,0.304,-2.342,0
-9.722,0.303,-2.338,0
-9.702,0.315,-2.339,0
-9.661,0.315,-2.346,0
-9.656,0.309,-2.35,0
-9.607,0.306,-2.338,0
-9.671,0.321,-2.361,0
-9.546,0.323,-2.357,0
-9.638,0.33,-2.391,0
-9.629,0.34,-2.397,0
-9.607,0.33,-2.416,0
-9.644,0.328,-2.422,0
-9.685,0.331,-2.43,0
-9.715,0.336,-2.416,0
-9.709,0.333,-2.42,0
-9.62,0.33,-2.395,0
-9.669,0.337,-2.41,0
-9.621,0.329,-2.398,0
-9.668,0.328,-2.398,0
-9.633,0.321,-2.366,0
-9.599,0.321,-2.352,0
-9.639,0.329,-2.37,0
-9.645,0.339,-2.394,0
-9.643,0.35,-2.392,0
-9.648,0.355,-2.404,0
-9.659,0.347,-2.425,0
-9.624,0.336,-2.416,0
-9.618,0.326,-2.422,0
-9.636,0.328,-2.444,0
-9.587,0.337,-2.42,0
-9.651,0.335,-2.449,0
-9.619,0.34,-2.436,0
-9.616,0.334,-2.453,0
-9.599,0.333,-2.453,0
-9.617,0.337,-2.458,0
-9.618,0.343,-2.463,0
-9.616,0.346,-2.458,0
-9.611,0.351,-2.47,0
-9.574,0.348,-2.451,0
-9.617,0.309,-2.496,0
-9.652,0.304,-2.522,0
-9.619,0.337,-2.48,0
-9.611,0.342,-2.471,0
-9.57,0.327,-2.477,0
-9.581,0.32,-2.504,0
-9.635,0.329,-2.538,0
-9.62,0.327,-2.522,0
-9.593,0.322,-2.505,0
-9.578,0.324,-2.483,0
-9.553,0.335,-2.478,0
-9.639,0.349,-2.513,0
-9.65,0.357,-2.526,0
-9.61,0.347,-2.507,0
-9.608,0.345,-2.517,0
-9.591,0.344,-2.5,0
-9.604,0.345,-2.497,0
-9.493,0.338,-2.446,0
-9.565,0.339,-2.488,0
-9.681,0.36,-2.544,0
-9.581,0.354,-2.492,0
-9.525,0.351,-2.47,0
-9.604,0.354,-2.526,0
-9.637,0.359,-2.539,0
-9.573,0.358,-2.492,0
-9.594,0.354,-2.488,0
-9.63,0.351,-2.502,0
-9.61,0.348,-2.488,0
-9.597,0.365,-2.479,0
-9.565,0.362,-2.467,0
-9.604,0.356,-2.502,0
-9.621,0.356,-2.511,0
-9.606,0.359,-2.508,0
-9.596,0.363,-2.508,0
-9.59,0.369,-2.5,0
-9.59,0.368,-2.517,0
